Tick;Step;Energy;Rule;Wolf_gain_temp;Wolf_rep_temp;0_Position;1_Position;ID
0;0;26;;20;5;64,0;99,0;50d4e92d-73e3-47b5-8ce4-1cc335fd2b4c
0;0;1;;20;5;69,0;65,0;faaedfe6-1af0-4910-abf9-d70339c4dd3c
0;0;17;;20;5;7,0;98,0;74d33805-7ba2-4650-a330-ce5fc283b160
0;0;9;;20;5;10,0;69,0;a26df448-8f94-47e9-934e-44845b27c748
0;0;18;;20;5;3,0;77,0;4d574864-e367-4604-b41d-c257bf7dc4e2
0;0;10;;20;5;20,0;1,0;adff30f7-9aed-4d2e-beee-1d148c751003
0;0;10;;20;5;24,0;66,0;88fbb1c4-facf-4098-9317-c8e74574bf6b
0;0;38;;20;5;41,0;8,0;7ba1b5b9-bf42-481f-a210-d0af2438691e
0;0;3;;20;5;96,0;31,0;aaebc460-0ec2-44b5-bc35-7f6426a8fd11
0;0;7;;20;5;85,0;98,0;3cc062d4-3d9b-45e5-908d-38eb45c52d3e
0;0;25;;20;5;3,0;42,0;d1c01b0d-014e-4675-a4c5-964b0ec8f494
0;0;21;;20;5;80,0;27,0;ff87b679-2f4a-47ba-9715-19f4ad05910e
0;0;16;;20;5;19,0;56,0;89b79ee5-58b7-48a4-a914-63c76205d2ec
0;0;28;;20;5;66,0;27,0;70f753ab-2590-4b48-89c5-e8cfad96c90a
0;0;18;;20;5;87,0;14,0;432f88b3-abc7-4962-803b-2297594bda70
0;0;32;;20;5;84,0;79,0;304f1e3f-641f-4697-b67e-e0fbb8055b7f
0;0;6;;20;5;26,0;45,0;69fab6b8-e1bb-4d84-b661-736bd89b3c58
0;0;31;;20;5;52,0;28,0;fc5cd225-8bba-4595-8eff-0154c8fa9beb
0;0;27;;20;5;25,0;15,0;12a028e6-3dab-4183-b381-ecf1ce4f9efd
0;0;36;;20;5;90,0;11,0;21d40065-8054-4983-a235-72f227c1650b
0;0;1;;20;5;78,0;20,0;647e6d33-e4f5-4784-b61d-90f24040b7cc
0;0;24;;20;5;81,0;93,0;f868e6ec-e091-4535-9359-d183a04cf9fe
0;0;27;;20;5;74,0;72,0;18140e69-47ba-4026-ade8-9db193e2dbee
0;0;29;;20;5;6,0;83,0;b218db50-f2bc-4d1d-baee-f3e12291d4ba
0;0;16;;20;5;3,0;93,0;50cecb56-5cea-4007-aaf0-60ef5a57e279
0;0;2;;20;5;84,0;13,0;2c9b4f87-bcec-48e3-94ed-bdfdb8f139c5
0;0;29;;20;5;22,0;33,0;2e087ddb-9906-44f8-bc84-a7e3fbfcb484
0;0;1;;20;5;41,0;37,0;97cf5520-ee16-4c84-80e0-1112f3a75992
0;0;6;;20;5;59,0;75,0;5104a6b8-1e91-4e9a-ab68-bf0d7355ab48
0;0;32;;20;5;67,0;76,0;39260658-5c44-44d7-b17a-ff97ff87d237
0;0;22;;20;5;38,0;39,0;f38156b7-3fdf-4f94-883b-f834c1b52c65
0;0;3;;20;5;25,0;85,0;89baa115-fcf3-431e-b56c-8fc88229f3dd
0;0;15;;20;5;18,0;74,0;3c369393-597a-41d0-a64c-503fb5e8fb06
0;0;20;;20;5;23,0;3,0;e1c3f4bb-a0d9-4dae-9283-20848288e96a
0;0;25;;20;5;24,0;26,0;13f81fab-ebcc-42c1-8c7e-1c54a41e8aab
0;0;35;;20;5;12,0;10,0;942446d8-4015-4a80-a021-06893b35e18b
0;0;10;;20;5;82,0;56,0;8f701c6b-ce88-4ce9-a13b-2ae72eb4e1f5
0;0;8;;20;5;52,0;56,0;0f9970cc-f3fe-4d1b-ae3f-d3343b1e56e2
0;0;24;;20;5;7,0;41,0;59095f82-b238-4af8-b291-088ef7e8a0c4
0;0;9;;20;5;32,0;81,0;ae12eb9f-f02a-4498-9ac9-caefff57ae81
0;0;36;;20;5;43,0;56,0;4ae06413-98aa-450c-9a88-f16beeb2124d
0;0;34;;20;5;41,0;31,0;e0aa2453-0fe3-4608-ab03-cff5d42efba7
0;0;35;;20;5;69,0;85,0;06a887b6-1a8e-4141-ae03-52764b7d9f36
0;0;34;;20;5;15,0;76,0;f93fc849-6af8-40ef-9272-63ba935f885f
0;0;9;;20;5;64,0;55,0;a5dcb4e2-7a7a-4634-b01c-d00c94d85c1b
0;0;10;;20;5;45,0;19,0;0f24ff94-3555-45f6-9e21-010254bfd9b4
0;0;39;;20;5;80,0;38,0;cccdeafd-ba04-4780-8650-04f5f970c49e
0;0;6;;20;5;90,0;3,0;fe4043bf-0ea3-4ce9-acc7-7b0e38506f09
0;0;18;;20;5;66,0;35,0;2248a2fc-3374-4f5b-9867-c341e225562f
0;0;27;;20;5;33,0;35,0;cd387c58-dd7e-4a84-80a8-4f927ceaa1bf
1;1;25;R4 - No sheep on my point;20;5;64,0;97,0;50d4e92d-73e3-47b5-8ce4-1cc335fd2b4c
1;1;0;R4 - No sheep on my point;20;5;70,0;63,0;faaedfe6-1af0-4910-abf9-d70339c4dd3c
1;1;16;R4 - No sheep on my point;20;5;7,0;100,0;74d33805-7ba2-4650-a330-ce5fc283b160
1;1;8;R4 - No sheep on my point;20;5;10,0;71,0;a26df448-8f94-47e9-934e-44845b27c748
1;1;17;R4 - No sheep on my point;20;5;3,0;75,0;4d574864-e367-4604-b41d-c257bf7dc4e2
1;1;9;R4 - No sheep on my point;20;5;21,0;3,0;adff30f7-9aed-4d2e-beee-1d148c751003
1;1;9;R4 - No sheep on my point;20;5;24,0;68,0;88fbb1c4-facf-4098-9317-c8e74574bf6b
1;1;37;R4 - No sheep on my point;20;5;41,0;10,0;7ba1b5b9-bf42-481f-a210-d0af2438691e
1;1;2;R4 - No sheep on my point;20;5;97,0;29,0;aaebc460-0ec2-44b5-bc35-7f6426a8fd11
1;1;6;R4 - No sheep on my point;20;5;85,0;100,0;3cc062d4-3d9b-45e5-908d-38eb45c52d3e
1;1;24;R4 - No sheep on my point;20;5;3,0;40,0;d1c01b0d-014e-4675-a4c5-964b0ec8f494
1;1;20;R4 - No sheep on my point;20;5;80,0;29,0;ff87b679-2f4a-47ba-9715-19f4ad05910e
1;1;15;R4 - No sheep on my point;20;5;19,0;54,0;89b79ee5-58b7-48a4-a914-63c76205d2ec
1;1;27;R4 - No sheep on my point;20;5;66,0;25,0;70f753ab-2590-4b48-89c5-e8cfad96c90a
1;1;17;R4 - No sheep on my point;20;5;87,0;12,0;432f88b3-abc7-4962-803b-2297594bda70
1;1;31;R4 - No sheep on my point;20;5;82,0;80,0;304f1e3f-641f-4697-b67e-e0fbb8055b7f
1;1;5;R4 - No sheep on my point;20;5;27,0;47,0;69fab6b8-e1bb-4d84-b661-736bd89b3c58
1;1;15;R4 - No sheep on my point;20;5;52,0;30,0;fc5cd225-8bba-4595-8eff-0154c8fa9beb
1;1;26;R4 - No sheep on my point;20;5;26,0;13,0;12a028e6-3dab-4183-b381-ecf1ce4f9efd
1;1;35;R4 - No sheep on my point;20;5;90,0;9,0;21d40065-8054-4983-a235-72f227c1650b
1;1;0;R4 - No sheep on my point;20;5;78,0;22,0;647e6d33-e4f5-4784-b61d-90f24040b7cc
1;1;23;R4 - No sheep on my point;20;5;81,0;91,0;f868e6ec-e091-4535-9359-d183a04cf9fe
1;1;26;R4 - No sheep on my point;20;5;76,0;72,0;18140e69-47ba-4026-ade8-9db193e2dbee
1;1;28;R4 - No sheep on my point;20;5;6,0;85,0;b218db50-f2bc-4d1d-baee-f3e12291d4ba
1;1;15;R4 - No sheep on my point;20;5;3,0;91,0;50cecb56-5cea-4007-aaf0-60ef5a57e279
1;1;1;R4 - No sheep on my point;20;5;84,0;11,0;2c9b4f87-bcec-48e3-94ed-bdfdb8f139c5
1;1;28;R4 - No sheep on my point;20;5;22,0;31,0;2e087ddb-9906-44f8-bc84-a7e3fbfcb484
1;1;0;R4 - No sheep on my point;20;5;42,0;35,0;97cf5520-ee16-4c84-80e0-1112f3a75992
1;1;5;R4 - No sheep on my point;20;5;59,0;73,0;5104a6b8-1e91-4e9a-ab68-bf0d7355ab48
1;1;31;R4 - No sheep on my point;20;5;67,0;78,0;39260658-5c44-44d7-b17a-ff97ff87d237
1;1;21;R4 - No sheep on my point;20;5;39,0;37,0;f38156b7-3fdf-4f94-883b-f834c1b52c65
1;1;2;R4 - No sheep on my point;20;5;25,0;87,0;89baa115-fcf3-431e-b56c-8fc88229f3dd
1;1;14;R4 - No sheep on my point;20;5;18,0;72,0;3c369393-597a-41d0-a64c-503fb5e8fb06
1;1;19;R4 - No sheep on my point;20;5;24,0;1,0;e1c3f4bb-a0d9-4dae-9283-20848288e96a
1;1;24;R4 - No sheep on my point;20;5;26,0;25,0;13f81fab-ebcc-42c1-8c7e-1c54a41e8aab
1;1;34;R4 - No sheep on my point;20;5;14,0;9,0;942446d8-4015-4a80-a021-06893b35e18b
1;1;9;R4 - No sheep on my point;20;5;82,0;54,0;8f701c6b-ce88-4ce9-a13b-2ae72eb4e1f5
1;1;7;R4 - No sheep on my point;20;5;53,0;54,0;0f9970cc-f3fe-4d1b-ae3f-d3343b1e56e2
1;1;23;R4 - No sheep on my point;20;5;7,0;43,0;59095f82-b238-4af8-b291-088ef7e8a0c4
1;1;8;R4 - No sheep on my point;20;5;32,0;79,0;ae12eb9f-f02a-4498-9ac9-caefff57ae81
1;1;35;R4 - No sheep on my point;20;5;44,0;54,0;4ae06413-98aa-450c-9a88-f16beeb2124d
1;1;33;R4 - No sheep on my point;20;5;42,0;33,0;e0aa2453-0fe3-4608-ab03-cff5d42efba7
1;1;34;R4 - No sheep on my point;20;5;69,0;87,0;06a887b6-1a8e-4141-ae03-52764b7d9f36
1;1;33;R4 - No sheep on my point;20;5;15,0;74,0;f93fc849-6af8-40ef-9272-63ba935f885f
1;1;8;R4 - No sheep on my point;20;5;64,0;57,0;a5dcb4e2-7a7a-4634-b01c-d00c94d85c1b
1;1;9;R4 - No sheep on my point;20;5;45,0;21,0;0f24ff94-3555-45f6-9e21-010254bfd9b4
1;1;38;R4 - No sheep on my point;20;5;80,0;40,0;cccdeafd-ba04-4780-8650-04f5f970c49e
1;1;5;R4 - No sheep on my point;20;5;90,0;1,0;fe4043bf-0ea3-4ce9-acc7-7b0e38506f09
1;1;17;R4 - No sheep on my point;20;5;66,0;33,0;2248a2fc-3374-4f5b-9867-c341e225562f
1;1;26;R4 - No sheep on my point;20;5;35,0;35,0;cd387c58-dd7e-4a84-80a8-4f927ceaa1bf
2;2;24;R4 - No sheep on my point;20;5;64,0;95,0;50d4e92d-73e3-47b5-8ce4-1cc335fd2b4c
2;2;15;R4 - No sheep on my point;20;5;7,0;98,0;74d33805-7ba2-4650-a330-ce5fc283b160
2;2;7;R4 - No sheep on my point;20;5;10,0;73,0;a26df448-8f94-47e9-934e-44845b27c748
2;2;16;R4 - No sheep on my point;20;5;3,0;73,0;4d574864-e367-4604-b41d-c257bf7dc4e2
2;2;8;R4 - No sheep on my point;20;5;21,0;5,0;adff30f7-9aed-4d2e-beee-1d148c751003
2;2;8;R4 - No sheep on my point;20;5;24,0;70,0;88fbb1c4-facf-4098-9317-c8e74574bf6b
2;2;36;R4 - No sheep on my point;20;5;41,0;12,0;7ba1b5b9-bf42-481f-a210-d0af2438691e
2;2;1;R4 - No sheep on my point;20;5;98,0;27,0;aaebc460-0ec2-44b5-bc35-7f6426a8fd11
2;2;5;R4 - No sheep on my point;20;5;85,0;100,0;3cc062d4-3d9b-45e5-908d-38eb45c52d3e
2;2;23;R4 - No sheep on my point;20;5;3,0;38,0;d1c01b0d-014e-4675-a4c5-964b0ec8f494
2;2;19;R4 - No sheep on my point;20;5;80,0;31,0;ff87b679-2f4a-47ba-9715-19f4ad05910e
2;2;14;R4 - No sheep on my point;20;5;19,0;52,0;89b79ee5-58b7-48a4-a914-63c76205d2ec
2;2;26;R4 - No sheep on my point;20;5;66,0;23,0;70f753ab-2590-4b48-89c5-e8cfad96c90a
2;2;16;R4 - No sheep on my point;20;5;87,0;10,0;432f88b3-abc7-4962-803b-2297594bda70
2;2;30;R4 - No sheep on my point;20;5;83,0;79,0;304f1e3f-641f-4697-b67e-e0fbb8055b7f
2;2;4;R4 - No sheep on my point;20;5;28,0;45,0;69fab6b8-e1bb-4d84-b661-736bd89b3c58
2;2;14;R4 - No sheep on my point;20;5;52,0;32,0;fc5cd225-8bba-4595-8eff-0154c8fa9beb
2;2;25;R4 - No sheep on my point;20;5;27,0;11,0;12a028e6-3dab-4183-b381-ecf1ce4f9efd
2;2;34;R4 - No sheep on my point;20;5;90,0;7,0;21d40065-8054-4983-a235-72f227c1650b
2;2;22;R4 - No sheep on my point;20;5;81,0;89,0;f868e6ec-e091-4535-9359-d183a04cf9fe
2;2;25;R4 - No sheep on my point;20;5;77,0;74,0;18140e69-47ba-4026-ade8-9db193e2dbee
2;2;13;R4 - No sheep on my point;20;5;6,0;83,0;b218db50-f2bc-4d1d-baee-f3e12291d4ba
2;2;14;R4 - No sheep on my point;20;5;3,0;93,0;50cecb56-5cea-4007-aaf0-60ef5a57e279
2;2;0;R4 - No sheep on my point;20;5;84,0;9,0;2c9b4f87-bcec-48e3-94ed-bdfdb8f139c5
2;2;27;R4 - No sheep on my point;20;5;22,0;29,0;2e087ddb-9906-44f8-bc84-a7e3fbfcb484
2;2;4;R4 - No sheep on my point;20;5;59,0;71,0;5104a6b8-1e91-4e9a-ab68-bf0d7355ab48
2;2;2;R4 - No sheep on my point;20;5;52,0;70,0;71976ed0-7411-4149-8a05-d8d103813470
2;2;30;R4 - No sheep on my point;20;5;67,0;80,0;39260658-5c44-44d7-b17a-ff97ff87d237
2;2;20;R4 - No sheep on my point;20;5;41,0;36,0;f38156b7-3fdf-4f94-883b-f834c1b52c65
2;2;1;R4 - No sheep on my point;20;5;25,0;89,0;89baa115-fcf3-431e-b56c-8fc88229f3dd
2;2;13;R4 - No sheep on my point;20;5;18,0;70,0;3c369393-597a-41d0-a64c-503fb5e8fb06
2;2;18;R4 - No sheep on my point;20;5;0,0;0,0;e1c3f4bb-a0d9-4dae-9283-20848288e96a
2;2;23;R4 - No sheep on my point;20;5;28,0;24,0;13f81fab-ebcc-42c1-8c7e-1c54a41e8aab
2;2;33;R4 - No sheep on my point;20;5;16,0;9,0;942446d8-4015-4a80-a021-06893b35e18b
2;2;8;R4 - No sheep on my point;20;5;82,0;56,0;8f701c6b-ce88-4ce9-a13b-2ae72eb4e1f5
2;2;6;R4 - No sheep on my point;20;5;55,0;53,0;0f9970cc-f3fe-4d1b-ae3f-d3343b1e56e2
2;2;22;R4 - No sheep on my point;20;5;7,0;41,0;59095f82-b238-4af8-b291-088ef7e8a0c4
2;2;7;R4 - No sheep on my point;20;5;32,0;77,0;ae12eb9f-f02a-4498-9ac9-caefff57ae81
2;2;34;R4 - No sheep on my point;20;5;45,0;52,0;4ae06413-98aa-450c-9a88-f16beeb2124d
2;2;32;R4 - No sheep on my point;20;5;44,0;34,0;e0aa2453-0fe3-4608-ab03-cff5d42efba7
2;2;33;R4 - No sheep on my point;20;5;69,0;89,0;06a887b6-1a8e-4141-ae03-52764b7d9f36
2;2;32;R4 - No sheep on my point;20;5;15,0;72,0;f93fc849-6af8-40ef-9272-63ba935f885f
2;2;7;R4 - No sheep on my point;20;5;64,0;59,0;a5dcb4e2-7a7a-4634-b01c-d00c94d85c1b
2;2;8;R4 - No sheep on my point;20;5;46,0;23,0;0f24ff94-3555-45f6-9e21-010254bfd9b4
2;2;37;R4 - No sheep on my point;20;5;80,0;42,0;cccdeafd-ba04-4780-8650-04f5f970c49e
2;2;4;R4 - No sheep on my point;20;5;100,0;100,0;fe4043bf-0ea3-4ce9-acc7-7b0e38506f09
2;2;16;R4 - No sheep on my point;20;5;66,0;35,0;2248a2fc-3374-4f5b-9867-c341e225562f
2;2;25;R4 - No sheep on my point;20;5;37,0;35,0;cd387c58-dd7e-4a84-80a8-4f927ceaa1bf
3;3;23;R4 - No sheep on my point;20;5;64,0;97,0;50d4e92d-73e3-47b5-8ce4-1cc335fd2b4c
3;3;14;R4 - No sheep on my point;20;5;7,0;96,0;74d33805-7ba2-4650-a330-ce5fc283b160
3;3;6;R4 - No sheep on my point;20;5;10,0;75,0;a26df448-8f94-47e9-934e-44845b27c748
3;3;15;R4 - No sheep on my point;20;5;3,0;75,0;4d574864-e367-4604-b41d-c257bf7dc4e2
3;3;7;R4 - No sheep on my point;20;5;22,0;7,0;adff30f7-9aed-4d2e-beee-1d148c751003
3;3;7;R4 - No sheep on my point;20;5;24,0;72,0;88fbb1c4-facf-4098-9317-c8e74574bf6b
3;3;35;R4 - No sheep on my point;20;5;41,0;14,0;7ba1b5b9-bf42-481f-a210-d0af2438691e
3;3;0;R4 - No sheep on my point;20;5;99,0;25,0;aaebc460-0ec2-44b5-bc35-7f6426a8fd11
3;3;4;R4 - No sheep on my point;20;5;85,0;100,0;3cc062d4-3d9b-45e5-908d-38eb45c52d3e
3;3;22;R4 - No sheep on my point;20;5;3,0;40,0;d1c01b0d-014e-4675-a4c5-964b0ec8f494
3;3;11;R4 - No sheep on my point;20;5;71,0;37,0;b9f63e5d-ecbe-4d6d-97c5-c61eec8870a6
3;3;18;R4 - No sheep on my point;20;5;80,0;33,0;ff87b679-2f4a-47ba-9715-19f4ad05910e
3;3;13;R4 - No sheep on my point;20;5;19,0;50,0;89b79ee5-58b7-48a4-a914-63c76205d2ec
3;3;25;R4 - No sheep on my point;20;5;66,0;25,0;70f753ab-2590-4b48-89c5-e8cfad96c90a
3;3;15;R4 - No sheep on my point;20;5;87,0;8,0;432f88b3-abc7-4962-803b-2297594bda70
3;3;29;R4 - No sheep on my point;20;5;84,0;80,0;304f1e3f-641f-4697-b67e-e0fbb8055b7f
3;3;3;R4 - No sheep on my point;20;5;29,0;43,0;69fab6b8-e1bb-4d84-b661-736bd89b3c58
3;3;13;R4 - No sheep on my point;20;5;52,0;34,0;fc5cd225-8bba-4595-8eff-0154c8fa9beb
3;3;24;R4 - No sheep on my point;20;5;28,0;9,0;12a028e6-3dab-4183-b381-ecf1ce4f9efd
3;3;33;R4 - No sheep on my point;20;5;90,0;5,0;21d40065-8054-4983-a235-72f227c1650b
3;3;21;R4 - No sheep on my point;20;5;81,0;87,0;f868e6ec-e091-4535-9359-d183a04cf9fe
3;3;24;R4 - No sheep on my point;20;5;79,0;75,0;18140e69-47ba-4026-ade8-9db193e2dbee
3;3;12;R4 - No sheep on my point;20;5;6,0;81,0;b218db50-f2bc-4d1d-baee-f3e12291d4ba
3;3;13;R4 - No sheep on my point;20;5;3,0;95,0;50cecb56-5cea-4007-aaf0-60ef5a57e279
3;3;26;R4 - No sheep on my point;20;5;22,0;27,0;2e087ddb-9906-44f8-bc84-a7e3fbfcb484
3;3;3;R4 - No sheep on my point;20;5;59,0;69,0;5104a6b8-1e91-4e9a-ab68-bf0d7355ab48
3;3;1;R4 - No sheep on my point;20;5;52,0;68,0;71976ed0-7411-4149-8a05-d8d103813470
3;3;29;R4 - No sheep on my point;20;5;67,0;82,0;39260658-5c44-44d7-b17a-ff97ff87d237
3;3;19;R4 - No sheep on my point;20;5;43,0;35,0;f38156b7-3fdf-4f94-883b-f834c1b52c65
3;3;0;R4 - No sheep on my point;20;5;25,0;91,0;89baa115-fcf3-431e-b56c-8fc88229f3dd
3;3;6;R4 - No sheep on my point;20;5;18,0;68,0;3c369393-597a-41d0-a64c-503fb5e8fb06
3;3;17;R4 - No sheep on my point;20;5;2,0;2,0;e1c3f4bb-a0d9-4dae-9283-20848288e96a
3;3;22;R4 - No sheep on my point;20;5;30,0;23,0;13f81fab-ebcc-42c1-8c7e-1c54a41e8aab
3;3;32;R4 - No sheep on my point;20;5;18,0;9,0;942446d8-4015-4a80-a021-06893b35e18b
3;3;7;R4 - No sheep on my point;20;5;82,0;58,0;8f701c6b-ce88-4ce9-a13b-2ae72eb4e1f5
3;3;5;R4 - No sheep on my point;20;5;56,0;53,0;0f9970cc-f3fe-4d1b-ae3f-d3343b1e56e2
3;3;21;R4 - No sheep on my point;20;5;7,0;39,0;59095f82-b238-4af8-b291-088ef7e8a0c4
3;3;6;R4 - No sheep on my point;20;5;33,0;75,0;ae12eb9f-f02a-4498-9ac9-caefff57ae81
3;3;33;R4 - No sheep on my point;20;5;46,0;50,0;4ae06413-98aa-450c-9a88-f16beeb2124d
3;3;31;R4 - No sheep on my point;20;5;46,0;35,0;e0aa2453-0fe3-4608-ab03-cff5d42efba7
3;3;32;R4 - No sheep on my point;20;5;69,0;91,0;06a887b6-1a8e-4141-ae03-52764b7d9f36
3;3;31;R4 - No sheep on my point;20;5;15,0;70,0;f93fc849-6af8-40ef-9272-63ba935f885f
3;3;6;R4 - No sheep on my point;20;5;65,0;57,0;a5dcb4e2-7a7a-4634-b01c-d00c94d85c1b
3;3;3;R4 - No sheep on my point;20;5;47,0;25,0;0f24ff94-3555-45f6-9e21-010254bfd9b4
3;3;36;R4 - No sheep on my point;20;5;80,0;44,0;cccdeafd-ba04-4780-8650-04f5f970c49e
3;3;3;R4 - No sheep on my point;20;5;100,0;100,0;fe4043bf-0ea3-4ce9-acc7-7b0e38506f09
3;3;7;R4 - No sheep on my point;20;5;66,0;37,0;2248a2fc-3374-4f5b-9867-c341e225562f
3;3;24;R4 - No sheep on my point;20;5;39,0;35,0;cd387c58-dd7e-4a84-80a8-4f927ceaa1bf
4;4;22;R4 - No sheep on my point;20;5;64,0;99,0;50d4e92d-73e3-47b5-8ce4-1cc335fd2b4c
4;4;0;R4 - No sheep on my point;20;5;64,0;77,0;ed70d5df-fd0b-4a8a-b8de-c6d3618a0f44
4;4;13;R4 - No sheep on my point;20;5;7,0;94,0;74d33805-7ba2-4650-a330-ce5fc283b160
4;4;5;R4 - No sheep on my point;20;5;10,0;77,0;a26df448-8f94-47e9-934e-44845b27c748
4;4;14;R4 - No sheep on my point;20;5;3,0;77,0;4d574864-e367-4604-b41d-c257bf7dc4e2
4;4;6;R4 - No sheep on my point;20;5;22,0;9,0;adff30f7-9aed-4d2e-beee-1d148c751003
4;4;6;R4 - No sheep on my point;20;5;24,0;74,0;88fbb1c4-facf-4098-9317-c8e74574bf6b
4;4;34;R4 - No sheep on my point;20;5;41,0;16,0;7ba1b5b9-bf42-481f-a210-d0af2438691e
4;4;3;R4 - No sheep on my point;20;5;85,0;100,0;3cc062d4-3d9b-45e5-908d-38eb45c52d3e
4;4;21;R4 - No sheep on my point;20;5;3,0;42,0;d1c01b0d-014e-4675-a4c5-964b0ec8f494
4;4;10;R4 - No sheep on my point;20;5;71,0;39,0;b9f63e5d-ecbe-4d6d-97c5-c61eec8870a6
4;4;17;R4 - No sheep on my point;20;5;80,0;35,0;ff87b679-2f4a-47ba-9715-19f4ad05910e
4;4;12;R4 - No sheep on my point;20;5;19,0;48,0;89b79ee5-58b7-48a4-a914-63c76205d2ec
4;4;24;R4 - No sheep on my point;20;5;66,0;27,0;70f753ab-2590-4b48-89c5-e8cfad96c90a
4;4;14;R4 - No sheep on my point;20;5;87,0;6,0;432f88b3-abc7-4962-803b-2297594bda70
4;4;14;R4 - No sheep on my point;20;5;85,0;80,0;304f1e3f-641f-4697-b67e-e0fbb8055b7f
4;4;2;R4 - No sheep on my point;20;5;30,0;41,0;69fab6b8-e1bb-4d84-b661-736bd89b3c58
4;4;12;R4 - No sheep on my point;20;5;52,0;36,0;fc5cd225-8bba-4595-8eff-0154c8fa9beb
4;4;23;R4 - No sheep on my point;20;5;29,0;7,0;12a028e6-3dab-4183-b381-ecf1ce4f9efd
4;4;32;R4 - No sheep on my point;20;5;90,0;3,0;21d40065-8054-4983-a235-72f227c1650b
4;4;20;R4 - No sheep on my point;20;5;82,0;85,0;f868e6ec-e091-4535-9359-d183a04cf9fe
4;4;11;R4 - No sheep on my point;20;5;80,0;76,0;18140e69-47ba-4026-ade8-9db193e2dbee
4;4;11;R4 - No sheep on my point;20;5;6,0;79,0;b218db50-f2bc-4d1d-baee-f3e12291d4ba
4;4;12;R4 - No sheep on my point;20;5;3,0;97,0;50cecb56-5cea-4007-aaf0-60ef5a57e279
4;4;25;R4 - No sheep on my point;20;5;22,0;25,0;2e087ddb-9906-44f8-bc84-a7e3fbfcb484
4;4;2;R4 - No sheep on my point;20;5;59,0;67,0;5104a6b8-1e91-4e9a-ab68-bf0d7355ab48
4;4;0;R4 - No sheep on my point;20;5;52,0;66,0;71976ed0-7411-4149-8a05-d8d103813470
4;4;2;R4 - No sheep on my point;20;5;55,0;50,0;71a8d2dc-3b0c-4c50-8453-b2950ab4c5e5
4;4;28;R4 - No sheep on my point;20;5;67,0;84,0;39260658-5c44-44d7-b17a-ff97ff87d237
4;4;18;R4 - No sheep on my point;20;5;45,0;36,0;f38156b7-3fdf-4f94-883b-f834c1b52c65
4;4;5;R4 - No sheep on my point;20;5;18,0;66,0;3c369393-597a-41d0-a64c-503fb5e8fb06
4;4;36;R6 - Sheep killed!;20;5;2,0;2,0;e1c3f4bb-a0d9-4dae-9283-20848288e96a
4;4;21;R4 - No sheep on my point;20;5;32,0;22,0;13f81fab-ebcc-42c1-8c7e-1c54a41e8aab
4;4;15;R4 - No sheep on my point;20;5;19,0;11,0;942446d8-4015-4a80-a021-06893b35e18b
4;4;7;R4 - No sheep on my point;20;5;3,0;70,0;00fcf0e9-d2ea-4d36-8f2f-d225ebf08731
4;4;6;R4 - No sheep on my point;20;5;82,0;60,0;8f701c6b-ce88-4ce9-a13b-2ae72eb4e1f5
4;4;4;R4 - No sheep on my point;20;5;57,0;54,0;0f9970cc-f3fe-4d1b-ae3f-d3343b1e56e2
4;4;20;R4 - No sheep on my point;20;5;7,0;37,0;59095f82-b238-4af8-b291-088ef7e8a0c4
4;4;5;R4 - No sheep on my point;20;5;34,0;77,0;ae12eb9f-f02a-4498-9ac9-caefff57ae81
4;4;32;R4 - No sheep on my point;20;5;48,0;50,0;4ae06413-98aa-450c-9a88-f16beeb2124d
4;4;30;R4 - No sheep on my point;20;5;47,0;37,0;e0aa2453-0fe3-4608-ab03-cff5d42efba7
4;4;31;R4 - No sheep on my point;20;5;69,0;93,0;06a887b6-1a8e-4141-ae03-52764b7d9f36
4;4;30;R4 - No sheep on my point;20;5;15,0;68,0;f93fc849-6af8-40ef-9272-63ba935f885f
4;4;5;R4 - No sheep on my point;20;5;66,0;55,0;a5dcb4e2-7a7a-4634-b01c-d00c94d85c1b
4;4;2;R4 - No sheep on my point;20;5;48,0;27,0;0f24ff94-3555-45f6-9e21-010254bfd9b4
4;4;35;R4 - No sheep on my point;20;5;80,0;46,0;cccdeafd-ba04-4780-8650-04f5f970c49e
4;4;1;R4 - No sheep on my point;20;5;100,0;100,0;fe4043bf-0ea3-4ce9-acc7-7b0e38506f09
4;4;6;R4 - No sheep on my point;20;5;66,0;39,0;2248a2fc-3374-4f5b-9867-c341e225562f
4;4;23;R4 - No sheep on my point;20;5;41,0;34,0;cd387c58-dd7e-4a84-80a8-4f927ceaa1bf
5;5;21;R4 - No sheep on my point;20;5;64,0;97,0;50d4e92d-73e3-47b5-8ce4-1cc335fd2b4c
5;5;12;R4 - No sheep on my point;20;5;7,0;92,0;74d33805-7ba2-4650-a330-ce5fc283b160
5;5;4;R4 - No sheep on my point;20;5;10,0;75,0;a26df448-8f94-47e9-934e-44845b27c748
5;5;13;R4 - No sheep on my point;20;5;3,0;75,0;4d574864-e367-4604-b41d-c257bf7dc4e2
5;5;5;R4 - No sheep on my point;20;5;23,0;11,0;adff30f7-9aed-4d2e-beee-1d148c751003
5;5;5;R4 - No sheep on my point;20;5;24,0;76,0;88fbb1c4-facf-4098-9317-c8e74574bf6b
5;5;33;R4 - No sheep on my point;20;5;42,0;18,0;7ba1b5b9-bf42-481f-a210-d0af2438691e
5;5;7;R4 - No sheep on my point;20;5;6,0;60,0;e08212c7-619d-4b15-b034-096ddbf4ab71
5;5;2;R4 - No sheep on my point;20;5;85,0;98,0;3cc062d4-3d9b-45e5-908d-38eb45c52d3e
5;5;20;R4 - No sheep on my point;20;5;3,0;40,0;d1c01b0d-014e-4675-a4c5-964b0ec8f494
5;5;9;R4 - No sheep on my point;20;5;71,0;41,0;b9f63e5d-ecbe-4d6d-97c5-c61eec8870a6
5;5;16;R4 - No sheep on my point;20;5;80,0;37,0;ff87b679-2f4a-47ba-9715-19f4ad05910e
5;5;15;R4 - No sheep on my point;20;5;44,0;65,0;c37a3357-2fef-43d9-8b04-dad705cf23a6
5;5;11;R4 - No sheep on my point;20;5;19,0;46,0;89b79ee5-58b7-48a4-a914-63c76205d2ec
5;5;23;R4 - No sheep on my point;20;5;66,0;29,0;70f753ab-2590-4b48-89c5-e8cfad96c90a
5;5;13;R4 - No sheep on my point;20;5;87,0;4,0;432f88b3-abc7-4962-803b-2297594bda70
5;5;15;R4 - No sheep on my point;20;5;44,0;65,0;c898e08c-0aef-4262-b165-962aefb3df4b
5;5;33;R6 - Sheep killed!;20;5;85,0;80,0;304f1e3f-641f-4697-b67e-e0fbb8055b7f
5;5;1;R4 - No sheep on my point;20;5;31,0;39,0;69fab6b8-e1bb-4d84-b661-736bd89b3c58
5;5;11;R4 - No sheep on my point;20;5;52,0;38,0;fc5cd225-8bba-4595-8eff-0154c8fa9beb
5;5;22;R4 - No sheep on my point;20;5;30,0;9,0;12a028e6-3dab-4183-b381-ecf1ce4f9efd
5;5;31;R4 - No sheep on my point;20;5;90,0;1,0;21d40065-8054-4983-a235-72f227c1650b
5;5;19;R4 - No sheep on my point;20;5;83,0;83,0;f868e6ec-e091-4535-9359-d183a04cf9fe
5;5;10;R4 - No sheep on my point;20;5;82,0;77,0;18140e69-47ba-4026-ade8-9db193e2dbee
5;5;10;R4 - No sheep on my point;20;5;6,0;77,0;b218db50-f2bc-4d1d-baee-f3e12291d4ba
5;5;11;R4 - No sheep on my point;20;5;3,0;95,0;50cecb56-5cea-4007-aaf0-60ef5a57e279
5;5;24;R4 - No sheep on my point;20;5;22,0;23,0;2e087ddb-9906-44f8-bc84-a7e3fbfcb484
5;5;1;R4 - No sheep on my point;20;5;59,0;65,0;5104a6b8-1e91-4e9a-ab68-bf0d7355ab48
5;5;1;R4 - No sheep on my point;20;5;56,0;52,0;71a8d2dc-3b0c-4c50-8453-b2950ab4c5e5
5;5;27;R4 - No sheep on my point;20;5;67,0;86,0;39260658-5c44-44d7-b17a-ff97ff87d237
5;5;-1;R4 - No sheep on my point;20;5;65,0;41,0;fc065203-969f-4885-ab6a-7ffe05e03360
5;5;17;R4 - No sheep on my point;20;5;47,0;36,0;f38156b7-3fdf-4f94-883b-f834c1b52c65
5;5;4;R4 - No sheep on my point;20;5;18,0;64,0;3c369393-597a-41d0-a64c-503fb5e8fb06
5;5;35;R4 - No sheep on my point;20;5;4,0;2,0;e1c3f4bb-a0d9-4dae-9283-20848288e96a
5;5;20;R4 - No sheep on my point;20;5;33,0;20,0;13f81fab-ebcc-42c1-8c7e-1c54a41e8aab
5;5;14;R4 - No sheep on my point;20;5;20,0;12,0;942446d8-4015-4a80-a021-06893b35e18b
5;5;6;R4 - No sheep on my point;20;5;3,0;68,0;00fcf0e9-d2ea-4d36-8f2f-d225ebf08731
5;5;5;R4 - No sheep on my point;20;5;82,0;62,0;8f701c6b-ce88-4ce9-a13b-2ae72eb4e1f5
5;5;3;R4 - No sheep on my point;20;5;58,0;54,0;0f9970cc-f3fe-4d1b-ae3f-d3343b1e56e2
5;5;19;R4 - No sheep on my point;20;5;7,0;35,0;59095f82-b238-4af8-b291-088ef7e8a0c4
5;5;4;R4 - No sheep on my point;20;5;35,0;79,0;ae12eb9f-f02a-4498-9ac9-caefff57ae81
5;5;31;R4 - No sheep on my point;20;5;50,0;50,0;4ae06413-98aa-450c-9a88-f16beeb2124d
5;5;29;R4 - No sheep on my point;20;5;48,0;39,0;e0aa2453-0fe3-4608-ab03-cff5d42efba7
5;5;30;R4 - No sheep on my point;20;5;69,0;95,0;06a887b6-1a8e-4141-ae03-52764b7d9f36
5;5;29;R4 - No sheep on my point;20;5;15,0;70,0;f93fc849-6af8-40ef-9272-63ba935f885f
5;5;4;R4 - No sheep on my point;20;5;66,0;57,0;a5dcb4e2-7a7a-4634-b01c-d00c94d85c1b
5;5;1;R4 - No sheep on my point;20;5;49,0;29,0;0f24ff94-3555-45f6-9e21-010254bfd9b4
5;5;34;R4 - No sheep on my point;20;5;80,0;48,0;cccdeafd-ba04-4780-8650-04f5f970c49e
5;5;0;R4 - No sheep on my point;20;5;100,0;100,0;fe4043bf-0ea3-4ce9-acc7-7b0e38506f09
5;5;5;R4 - No sheep on my point;20;5;66,0;41,0;2248a2fc-3374-4f5b-9867-c341e225562f
5;5;11;R4 - No sheep on my point;20;5;43,0;34,0;cd387c58-dd7e-4a84-80a8-4f927ceaa1bf
6;6;20;R4 - No sheep on my point;20;5;64,0;95,0;50d4e92d-73e3-47b5-8ce4-1cc335fd2b4c
6;6;11;R4 - No sheep on my point;20;5;7,0;90,0;74d33805-7ba2-4650-a330-ce5fc283b160
6;6;3;R4 - No sheep on my point;20;5;10,0;73,0;a26df448-8f94-47e9-934e-44845b27c748
6;6;12;R4 - No sheep on my point;20;5;3,0;73,0;4d574864-e367-4604-b41d-c257bf7dc4e2
6;6;4;R4 - No sheep on my point;20;5;23,0;9,0;adff30f7-9aed-4d2e-beee-1d148c751003
6;6;4;R4 - No sheep on my point;20;5;24,0;78,0;88fbb1c4-facf-4098-9317-c8e74574bf6b
6;6;32;R4 - No sheep on my point;20;5;43,0;20,0;7ba1b5b9-bf42-481f-a210-d0af2438691e
6;6;6;R4 - No sheep on my point;20;5;6,0;58,0;e08212c7-619d-4b15-b034-096ddbf4ab71
6;6;1;R4 - No sheep on my point;20;5;86,0;96,0;3cc062d4-3d9b-45e5-908d-38eb45c52d3e
6;6;19;R4 - No sheep on my point;20;5;3,0;38,0;d1c01b0d-014e-4675-a4c5-964b0ec8f494
6;6;8;R4 - No sheep on my point;20;5;71,0;43,0;b9f63e5d-ecbe-4d6d-97c5-c61eec8870a6
6;6;15;R4 - No sheep on my point;20;5;80,0;35,0;ff87b679-2f4a-47ba-9715-19f4ad05910e
6;6;14;R4 - No sheep on my point;20;5;44,0;63,0;c37a3357-2fef-43d9-8b04-dad705cf23a6
6;6;10;R4 - No sheep on my point;20;5;19,0;44,0;89b79ee5-58b7-48a4-a914-63c76205d2ec
6;6;22;R4 - No sheep on my point;20;5;66,0;31,0;70f753ab-2590-4b48-89c5-e8cfad96c90a
6;6;12;R4 - No sheep on my point;20;5;87,0;6,0;432f88b3-abc7-4962-803b-2297594bda70
6;6;14;R4 - No sheep on my point;20;5;44,0;63,0;c898e08c-0aef-4262-b165-962aefb3df4b
6;6;16;R4 - No sheep on my point;20;5;87,0;79,0;304f1e3f-641f-4697-b67e-e0fbb8055b7f
6;6;0;R4 - No sheep on my point;20;5;32,0;37,0;69fab6b8-e1bb-4d84-b661-736bd89b3c58
6;6;10;R4 - No sheep on my point;20;5;53,0;40,0;fc5cd225-8bba-4595-8eff-0154c8fa9beb
6;6;21;R4 - No sheep on my point;20;5;31,0;11,0;12a028e6-3dab-4183-b381-ecf1ce4f9efd
6;6;30;R4 - No sheep on my point;20;5;90,0;3,0;21d40065-8054-4983-a235-72f227c1650b
6;6;18;R4 - No sheep on my point;20;5;84,0;84,0;f868e6ec-e091-4535-9359-d183a04cf9fe
6;6;9;R4 - No sheep on my point;20;5;84,0;78,0;18140e69-47ba-4026-ade8-9db193e2dbee
6;6;9;R4 - No sheep on my point;20;5;6,0;75,0;b218db50-f2bc-4d1d-baee-f3e12291d4ba
6;6;10;R4 - No sheep on my point;20;5;3,0;93,0;50cecb56-5cea-4007-aaf0-60ef5a57e279
6;6;11;R4 - No sheep on my point;20;5;23,0;21,0;2e087ddb-9906-44f8-bc84-a7e3fbfcb484
6;6;0;R4 - No sheep on my point;20;5;60,0;63,0;5104a6b8-1e91-4e9a-ab68-bf0d7355ab48
6;6;0;R4 - No sheep on my point;20;5;58,0;53,0;71a8d2dc-3b0c-4c50-8453-b2950ab4c5e5
6;6;26;R4 - No sheep on my point;20;5;67,0;84,0;39260658-5c44-44d7-b17a-ff97ff87d237
6;6;16;R4 - No sheep on my point;20;5;48,0;38,0;f38156b7-3fdf-4f94-883b-f834c1b52c65
6;6;3;R4 - No sheep on my point;20;5;18,0;62,0;3c369393-597a-41d0-a64c-503fb5e8fb06
6;6;34;R4 - No sheep on my point;20;5;6,0;2,0;e1c3f4bb-a0d9-4dae-9283-20848288e96a
6;6;19;R4 - No sheep on my point;20;5;34,0;21,0;13f81fab-ebcc-42c1-8c7e-1c54a41e8aab
6;6;13;R4 - No sheep on my point;20;5;21,0;13,0;942446d8-4015-4a80-a021-06893b35e18b
6;6;5;R4 - No sheep on my point;20;5;3,0;66,0;00fcf0e9-d2ea-4d36-8f2f-d225ebf08731
6;6;4;R4 - No sheep on my point;20;5;83,0;61,0;8f701c6b-ce88-4ce9-a13b-2ae72eb4e1f5
6;6;2;R4 - No sheep on my point;20;5;59,0;56,0;0f9970cc-f3fe-4d1b-ae3f-d3343b1e56e2
6;6;18;R4 - No sheep on my point;20;5;7,0;33,0;59095f82-b238-4af8-b291-088ef7e8a0c4
6;6;3;R4 - No sheep on my point;20;5;35,0;77,0;ae12eb9f-f02a-4498-9ac9-caefff57ae81
6;6;30;R4 - No sheep on my point;20;5;52,0;50,0;4ae06413-98aa-450c-9a88-f16beeb2124d
6;6;28;R4 - No sheep on my point;20;5;49,0;41,0;e0aa2453-0fe3-4608-ab03-cff5d42efba7
6;6;29;R4 - No sheep on my point;20;5;69,0;93,0;06a887b6-1a8e-4141-ae03-52764b7d9f36
6;6;28;R4 - No sheep on my point;20;5;15,0;72,0;f93fc849-6af8-40ef-9272-63ba935f885f
6;6;3;R4 - No sheep on my point;20;5;66,0;59,0;a5dcb4e2-7a7a-4634-b01c-d00c94d85c1b
6;6;0;R4 - No sheep on my point;20;5;50,0;31,0;0f24ff94-3555-45f6-9e21-010254bfd9b4
6;6;-1;R4 - No sheep on my point;20;5;95,0;17,0;2d76449f-d30a-4cb2-a82b-b4156efc7931
6;6;33;R4 - No sheep on my point;20;5;81,0;46,0;cccdeafd-ba04-4780-8650-04f5f970c49e
6;6;4;R4 - No sheep on my point;20;5;66,0;43,0;2248a2fc-3374-4f5b-9867-c341e225562f
6;6;10;R4 - No sheep on my point;20;5;45,0;35,0;cd387c58-dd7e-4a84-80a8-4f927ceaa1bf
7;7;19;R4 - No sheep on my point;20;5;64,0;93,0;50d4e92d-73e3-47b5-8ce4-1cc335fd2b4c
7;7;10;R4 - No sheep on my point;20;5;7,0;88,0;74d33805-7ba2-4650-a330-ce5fc283b160
7;7;2;R4 - No sheep on my point;20;5;10,0;71,0;a26df448-8f94-47e9-934e-44845b27c748
7;7;11;R4 - No sheep on my point;20;5;3,0;71,0;4d574864-e367-4604-b41d-c257bf7dc4e2
7;7;3;R4 - No sheep on my point;20;5;23,0;7,0;adff30f7-9aed-4d2e-beee-1d148c751003
7;7;3;R4 - No sheep on my point;20;5;24,0;80,0;88fbb1c4-facf-4098-9317-c8e74574bf6b
7;7;15;R4 - No sheep on my point;20;5;44,0;22,0;7ba1b5b9-bf42-481f-a210-d0af2438691e
7;7;5;R4 - No sheep on my point;20;5;6,0;56,0;e08212c7-619d-4b15-b034-096ddbf4ab71
7;7;0;R4 - No sheep on my point;20;5;87,0;94,0;3cc062d4-3d9b-45e5-908d-38eb45c52d3e
7;7;18;R4 - No sheep on my point;20;5;3,0;36,0;d1c01b0d-014e-4675-a4c5-964b0ec8f494
7;7;7;R4 - No sheep on my point;20;5;71,0;45,0;b9f63e5d-ecbe-4d6d-97c5-c61eec8870a6
7;7;14;R4 - No sheep on my point;20;5;80,0;37,0;ff87b679-2f4a-47ba-9715-19f4ad05910e
7;7;13;R4 - No sheep on my point;20;5;44,0;61,0;c37a3357-2fef-43d9-8b04-dad705cf23a6
7;7;9;R4 - No sheep on my point;20;5;19,0;42,0;89b79ee5-58b7-48a4-a914-63c76205d2ec
7;7;21;R4 - No sheep on my point;20;5;66,0;33,0;70f753ab-2590-4b48-89c5-e8cfad96c90a
7;7;11;R4 - No sheep on my point;20;5;87,0;8,0;432f88b3-abc7-4962-803b-2297594bda70
7;7;13;R4 - No sheep on my point;20;5;44,0;61,0;c898e08c-0aef-4262-b165-962aefb3df4b
7;7;15;R4 - No sheep on my point;20;5;89,0;78,0;304f1e3f-641f-4697-b67e-e0fbb8055b7f
7;7;9;R4 - No sheep on my point;20;5;54,0;42,0;fc5cd225-8bba-4595-8eff-0154c8fa9beb
7;7;20;R4 - No sheep on my point;20;5;32,0;9,0;12a028e6-3dab-4183-b381-ecf1ce4f9efd
7;7;29;R4 - No sheep on my point;20;5;90,0;1,0;21d40065-8054-4983-a235-72f227c1650b
7;7;17;R4 - No sheep on my point;20;5;85,0;85,0;f868e6ec-e091-4535-9359-d183a04cf9fe
7;7;8;R4 - No sheep on my point;20;5;85,0;76,0;18140e69-47ba-4026-ade8-9db193e2dbee
7;7;4;R4 - No sheep on my point;20;5;6,0;73,0;b218db50-f2bc-4d1d-baee-f3e12291d4ba
7;7;9;R4 - No sheep on my point;20;5;3,0;91,0;50cecb56-5cea-4007-aaf0-60ef5a57e279
7;7;10;R4 - No sheep on my point;20;5;24,0;19,0;2e087ddb-9906-44f8-bc84-a7e3fbfcb484
7;7;-1;R4 - No sheep on my point;20;5;36,0;8,0;99d3dada-e100-45d1-9273-3b781f5d2d01
7;7;25;R4 - No sheep on my point;20;5;67,0;82,0;39260658-5c44-44d7-b17a-ff97ff87d237
7;7;7;R4 - No sheep on my point;20;5;49,0;40,0;f38156b7-3fdf-4f94-883b-f834c1b52c65
7;7;2;R4 - No sheep on my point;20;5;18,0;60,0;3c369393-597a-41d0-a64c-503fb5e8fb06
7;7;33;R4 - No sheep on my point;20;5;8,0;3,0;e1c3f4bb-a0d9-4dae-9283-20848288e96a
7;7;18;R4 - No sheep on my point;20;5;35,0;22,0;13f81fab-ebcc-42c1-8c7e-1c54a41e8aab
7;7;12;R4 - No sheep on my point;20;5;22,0;14,0;942446d8-4015-4a80-a021-06893b35e18b
7;7;4;R4 - No sheep on my point;20;5;3,0;64,0;00fcf0e9-d2ea-4d36-8f2f-d225ebf08731
7;7;3;R4 - No sheep on my point;20;5;83,0;59,0;8f701c6b-ce88-4ce9-a13b-2ae72eb4e1f5
7;7;1;R4 - No sheep on my point;20;5;60,0;58,0;0f9970cc-f3fe-4d1b-ae3f-d3343b1e56e2
7;7;17;R4 - No sheep on my point;20;5;7,0;31,0;59095f82-b238-4af8-b291-088ef7e8a0c4
7;7;2;R4 - No sheep on my point;20;5;35,0;75,0;ae12eb9f-f02a-4498-9ac9-caefff57ae81
7;7;29;R4 - No sheep on my point;20;5;54,0;50,0;4ae06413-98aa-450c-9a88-f16beeb2124d
7;7;27;R4 - No sheep on my point;20;5;50,0;43,0;e0aa2453-0fe3-4608-ab03-cff5d42efba7
7;7;28;R4 - No sheep on my point;20;5;69,0;91,0;06a887b6-1a8e-4141-ae03-52764b7d9f36
7;7;27;R4 - No sheep on my point;20;5;15,0;74,0;f93fc849-6af8-40ef-9272-63ba935f885f
7;7;2;R4 - No sheep on my point;20;5;66,0;61,0;a5dcb4e2-7a7a-4634-b01c-d00c94d85c1b
7;7;32;R4 - No sheep on my point;20;5;81,0;48,0;cccdeafd-ba04-4780-8650-04f5f970c49e
7;7;3;R4 - No sheep on my point;20;5;66,0;45,0;2248a2fc-3374-4f5b-9867-c341e225562f
7;7;9;R4 - No sheep on my point;20;5;47,0;36,0;cd387c58-dd7e-4a84-80a8-4f927ceaa1bf
7;7;10;R4 - No sheep on my point;20;5;22,0;92,0;c882d802-fe17-4c84-99f0-8afa7999a748
8;8;18;R4 - No sheep on my point;20;5;64,0;91,0;50d4e92d-73e3-47b5-8ce4-1cc335fd2b4c
8;8;15;R4 - No sheep on my point;20;5;1,0;88,0;5c4435d5-a77b-483d-b43f-540562d2e3a8
8;8;9;R4 - No sheep on my point;20;5;7,0;86,0;74d33805-7ba2-4650-a330-ce5fc283b160
8;8;1;R4 - No sheep on my point;20;5;10,0;69,0;a26df448-8f94-47e9-934e-44845b27c748
8;8;10;R4 - No sheep on my point;20;5;3,0;69,0;4d574864-e367-4604-b41d-c257bf7dc4e2
8;8;2;R4 - No sheep on my point;20;5;24,0;9,0;adff30f7-9aed-4d2e-beee-1d148c751003
8;8;2;R4 - No sheep on my point;20;5;24,0;82,0;88fbb1c4-facf-4098-9317-c8e74574bf6b
8;8;14;R4 - No sheep on my point;20;5;44,0;20,0;7ba1b5b9-bf42-481f-a210-d0af2438691e
8;8;4;R4 - No sheep on my point;20;5;6,0;54,0;e08212c7-619d-4b15-b034-096ddbf4ab71
8;8;17;R4 - No sheep on my point;20;5;3,0;34,0;d1c01b0d-014e-4675-a4c5-964b0ec8f494
8;8;6;R4 - No sheep on my point;20;5;71,0;43,0;b9f63e5d-ecbe-4d6d-97c5-c61eec8870a6
8;8;13;R4 - No sheep on my point;20;5;80,0;39,0;ff87b679-2f4a-47ba-9715-19f4ad05910e
8;8;12;R4 - No sheep on my point;20;5;44,0;59,0;c37a3357-2fef-43d9-8b04-dad705cf23a6
8;8;8;R4 - No sheep on my point;20;5;19,0;40,0;89b79ee5-58b7-48a4-a914-63c76205d2ec
8;8;20;R4 - No sheep on my point;20;5;66,0;35,0;70f753ab-2590-4b48-89c5-e8cfad96c90a
8;8;10;R4 - No sheep on my point;20;5;87,0;6,0;432f88b3-abc7-4962-803b-2297594bda70
8;8;12;R4 - No sheep on my point;20;5;44,0;63,0;c898e08c-0aef-4262-b165-962aefb3df4b
8;8;14;R4 - No sheep on my point;20;5;91,0;77,0;304f1e3f-641f-4697-b67e-e0fbb8055b7f
8;8;8;R4 - No sheep on my point;20;5;55,0;44,0;fc5cd225-8bba-4595-8eff-0154c8fa9beb
8;8;19;R4 - No sheep on my point;20;5;33,0;11,0;12a028e6-3dab-4183-b381-ecf1ce4f9efd
8;8;28;R4 - No sheep on my point;20;5;100,0;100,0;21d40065-8054-4983-a235-72f227c1650b
8;8;16;R4 - No sheep on my point;20;5;87,0;86,0;f868e6ec-e091-4535-9359-d183a04cf9fe
8;8;7;R4 - No sheep on my point;20;5;86,0;74,0;18140e69-47ba-4026-ade8-9db193e2dbee
8;8;3;R4 - No sheep on my point;20;5;6,0;71,0;b218db50-f2bc-4d1d-baee-f3e12291d4ba
8;8;8;R4 - No sheep on my point;20;5;3,0;89,0;50cecb56-5cea-4007-aaf0-60ef5a57e279
8;8;-1;R4 - No sheep on my point;20;5;72,0;34,0;3c5e6eae-0772-43b2-82cb-e63f17462cbf
8;8;9;R4 - No sheep on my point;20;5;25,0;17,0;2e087ddb-9906-44f8-bc84-a7e3fbfcb484
8;8;24;R4 - No sheep on my point;20;5;67,0;80,0;39260658-5c44-44d7-b17a-ff97ff87d237
8;8;7;R4 - No sheep on my point;20;5;88,0;81,0;d87e87fb-4a54-41bf-b1ce-812984887a34
8;8;6;R4 - No sheep on my point;20;5;50,0;38,0;f38156b7-3fdf-4f94-883b-f834c1b52c65
8;8;1;R4 - No sheep on my point;20;5;18,0;62,0;3c369393-597a-41d0-a64c-503fb5e8fb06
8;8;32;R4 - No sheep on my point;20;5;10,0;4,0;e1c3f4bb-a0d9-4dae-9283-20848288e96a
8;8;17;R4 - No sheep on my point;20;5;37,0;23,0;13f81fab-ebcc-42c1-8c7e-1c54a41e8aab
8;8;11;R4 - No sheep on my point;20;5;24,0;16,0;942446d8-4015-4a80-a021-06893b35e18b
8;8;3;R4 - No sheep on my point;20;5;3,0;62,0;00fcf0e9-d2ea-4d36-8f2f-d225ebf08731
8;8;2;R4 - No sheep on my point;20;5;83,0;57,0;8f701c6b-ce88-4ce9-a13b-2ae72eb4e1f5
8;8;0;R4 - No sheep on my point;20;5;61,0;59,0;0f9970cc-f3fe-4d1b-ae3f-d3343b1e56e2
8;8;16;R4 - No sheep on my point;20;5;7,0;29,0;59095f82-b238-4af8-b291-088ef7e8a0c4
8;8;1;R4 - No sheep on my point;20;5;35,0;73,0;ae12eb9f-f02a-4498-9ac9-caefff57ae81
8;8;28;R4 - No sheep on my point;20;5;56,0;51,0;4ae06413-98aa-450c-9a88-f16beeb2124d
8;8;26;R4 - No sheep on my point;20;5;51,0;41,0;e0aa2453-0fe3-4608-ab03-cff5d42efba7
8;8;27;R4 - No sheep on my point;20;5;69,0;89,0;06a887b6-1a8e-4141-ae03-52764b7d9f36
8;8;26;R4 - No sheep on my point;20;5;15,0;76,0;f93fc849-6af8-40ef-9272-63ba935f885f
8;8;1;R4 - No sheep on my point;20;5;66,0;63,0;a5dcb4e2-7a7a-4634-b01c-d00c94d85c1b
8;8;15;R4 - No sheep on my point;20;5;81,0;50,0;cccdeafd-ba04-4780-8650-04f5f970c49e
8;8;2;R4 - No sheep on my point;20;5;66,0;47,0;2248a2fc-3374-4f5b-9867-c341e225562f
8;8;8;R4 - No sheep on my point;20;5;48,0;38,0;cd387c58-dd7e-4a84-80a8-4f927ceaa1bf
8;8;9;R4 - No sheep on my point;20;5;22,0;90,0;c882d802-fe17-4c84-99f0-8afa7999a748
9;9;17;R4 - No sheep on my point;20;5;64,0;89,0;50d4e92d-73e3-47b5-8ce4-1cc335fd2b4c
9;9;14;R4 - No sheep on my point;20;5;1,0;86,0;5c4435d5-a77b-483d-b43f-540562d2e3a8
9;9;8;R4 - No sheep on my point;20;5;7,0;84,0;74d33805-7ba2-4650-a330-ce5fc283b160
9;9;0;R4 - No sheep on my point;20;5;10,0;67,0;a26df448-8f94-47e9-934e-44845b27c748
9;9;9;R4 - No sheep on my point;20;5;3,0;67,0;4d574864-e367-4604-b41d-c257bf7dc4e2
9;9;1;R4 - No sheep on my point;20;5;24,0;7,0;adff30f7-9aed-4d2e-beee-1d148c751003
9;9;1;R4 - No sheep on my point;20;5;24,0;84,0;88fbb1c4-facf-4098-9317-c8e74574bf6b
9;9;13;R4 - No sheep on my point;20;5;44,0;18,0;7ba1b5b9-bf42-481f-a210-d0af2438691e
9;9;3;R4 - No sheep on my point;20;5;6,0;52,0;e08212c7-619d-4b15-b034-096ddbf4ab71
9;9;16;R4 - No sheep on my point;20;5;3,0;32,0;d1c01b0d-014e-4675-a4c5-964b0ec8f494
9;9;5;R4 - No sheep on my point;20;5;71,0;41,0;b9f63e5d-ecbe-4d6d-97c5-c61eec8870a6
9;9;12;R4 - No sheep on my point;20;5;80,0;41,0;ff87b679-2f4a-47ba-9715-19f4ad05910e
9;9;11;R4 - No sheep on my point;20;5;44,0;61,0;c37a3357-2fef-43d9-8b04-dad705cf23a6
9;9;7;R4 - No sheep on my point;20;5;19,0;38,0;89b79ee5-58b7-48a4-a914-63c76205d2ec
9;9;19;R4 - No sheep on my point;20;5;66,0;37,0;70f753ab-2590-4b48-89c5-e8cfad96c90a
9;9;9;R4 - No sheep on my point;20;5;87,0;4,0;432f88b3-abc7-4962-803b-2297594bda70
9;9;11;R4 - No sheep on my point;20;5;44,0;65,0;c898e08c-0aef-4262-b165-962aefb3df4b
9;9;13;R4 - No sheep on my point;20;5;93,0;76,0;304f1e3f-641f-4697-b67e-e0fbb8055b7f
9;9;7;R4 - No sheep on my point;20;5;56,0;46,0;fc5cd225-8bba-4595-8eff-0154c8fa9beb
9;9;18;R4 - No sheep on my point;20;5;34,0;13,0;12a028e6-3dab-4183-b381-ecf1ce4f9efd
9;9;27;R4 - No sheep on my point;20;5;100,0;100,0;21d40065-8054-4983-a235-72f227c1650b
9;9;7;R4 - No sheep on my point;20;5;89,0;87,0;f868e6ec-e091-4535-9359-d183a04cf9fe
9;9;6;R4 - No sheep on my point;20;5;87,0;72,0;18140e69-47ba-4026-ade8-9db193e2dbee
9;9;2;R4 - No sheep on my point;20;5;6,0;69,0;b218db50-f2bc-4d1d-baee-f3e12291d4ba
9;9;7;R4 - No sheep on my point;20;5;3,0;87,0;50cecb56-5cea-4007-aaf0-60ef5a57e279
9;9;8;R4 - No sheep on my point;20;5;26,0;15,0;2e087ddb-9906-44f8-bc84-a7e3fbfcb484
9;9;23;R4 - No sheep on my point;20;5;67,0;78,0;39260658-5c44-44d7-b17a-ff97ff87d237
9;9;7;R4 - No sheep on my point;20;5;89,0;54,0;cc7e4442-e0e5-497a-ad6d-137522bb21d0
9;9;6;R4 - No sheep on my point;20;5;90,0;80,0;d87e87fb-4a54-41bf-b1ce-812984887a34
9;9;5;R4 - No sheep on my point;20;5;51,0;36,0;f38156b7-3fdf-4f94-883b-f834c1b52c65
9;9;0;R4 - No sheep on my point;20;5;18,0;64,0;3c369393-597a-41d0-a64c-503fb5e8fb06
9;9;31;R4 - No sheep on my point;20;5;11,0;6,0;e1c3f4bb-a0d9-4dae-9283-20848288e96a
9;9;16;R4 - No sheep on my point;20;5;38,0;25,0;13f81fab-ebcc-42c1-8c7e-1c54a41e8aab
9;9;10;R4 - No sheep on my point;20;5;24,0;14,0;942446d8-4015-4a80-a021-06893b35e18b
9;9;2;R4 - No sheep on my point;20;5;3,0;60,0;00fcf0e9-d2ea-4d36-8f2f-d225ebf08731
9;9;1;R4 - No sheep on my point;20;5;83,0;59,0;8f701c6b-ce88-4ce9-a13b-2ae72eb4e1f5
9;9;15;R4 - No sheep on my point;20;5;7,0;27,0;59095f82-b238-4af8-b291-088ef7e8a0c4
9;9;0;R4 - No sheep on my point;20;5;35,0;71,0;ae12eb9f-f02a-4498-9ac9-caefff57ae81
9;9;13;R4 - No sheep on my point;20;5;58,0;51,0;4ae06413-98aa-450c-9a88-f16beeb2124d
9;9;25;R4 - No sheep on my point;20;5;52,0;39,0;e0aa2453-0fe3-4608-ab03-cff5d42efba7
9;9;26;R4 - No sheep on my point;20;5;69,0;87,0;06a887b6-1a8e-4141-ae03-52764b7d9f36
9;9;25;R4 - No sheep on my point;20;5;15,0;78,0;f93fc849-6af8-40ef-9272-63ba935f885f
9;9;0;R4 - No sheep on my point;20;5;66,0;65,0;a5dcb4e2-7a7a-4634-b01c-d00c94d85c1b
9;9;14;R4 - No sheep on my point;20;5;81,0;52,0;cccdeafd-ba04-4780-8650-04f5f970c49e
9;9;1;R4 - No sheep on my point;20;5;66,0;49,0;2248a2fc-3374-4f5b-9867-c341e225562f
9;9;7;R4 - No sheep on my point;20;5;48,0;36,0;cd387c58-dd7e-4a84-80a8-4f927ceaa1bf
9;9;8;R4 - No sheep on my point;20;5;22,0;88,0;c882d802-fe17-4c84-99f0-8afa7999a748
10;10;16;R4 - No sheep on my point;20;5;64,0;87,0;50d4e92d-73e3-47b5-8ce4-1cc335fd2b4c
10;10;13;R4 - No sheep on my point;20;5;1,0;84,0;5c4435d5-a77b-483d-b43f-540562d2e3a8
10;10;7;R4 - No sheep on my point;20;5;7,0;82,0;74d33805-7ba2-4650-a330-ce5fc283b160
10;10;8;R4 - No sheep on my point;20;5;3,0;65,0;4d574864-e367-4604-b41d-c257bf7dc4e2
10;10;0;R4 - No sheep on my point;20;5;24,0;5,0;adff30f7-9aed-4d2e-beee-1d148c751003
10;10;0;R4 - No sheep on my point;20;5;24,0;86,0;88fbb1c4-facf-4098-9317-c8e74574bf6b
10;10;12;R4 - No sheep on my point;20;5;44,0;16,0;7ba1b5b9-bf42-481f-a210-d0af2438691e
10;10;2;R4 - No sheep on my point;20;5;6,0;50,0;e08212c7-619d-4b15-b034-096ddbf4ab71
10;10;7;R4 - No sheep on my point;20;5;3,0;30,0;d1c01b0d-014e-4675-a4c5-964b0ec8f494
10;10;12;R4 - No sheep on my point;20;5;97,0;45,0;dd87a77e-c137-4d04-9c32-9453a1ba2003
10;10;4;R4 - No sheep on my point;20;5;71,0;39,0;b9f63e5d-ecbe-4d6d-97c5-c61eec8870a6
10;10;11;R4 - No sheep on my point;20;5;80,0;43,0;ff87b679-2f4a-47ba-9715-19f4ad05910e
10;10;10;R4 - No sheep on my point;20;5;44,0;63,0;c37a3357-2fef-43d9-8b04-dad705cf23a6
10;10;6;R4 - No sheep on my point;20;5;19,0;36,0;89b79ee5-58b7-48a4-a914-63c76205d2ec
10;10;18;R4 - No sheep on my point;20;5;66,0;39,0;70f753ab-2590-4b48-89c5-e8cfad96c90a
10;10;8;R4 - No sheep on my point;20;5;87,0;2,0;432f88b3-abc7-4962-803b-2297594bda70
10;10;10;R4 - No sheep on my point;20;5;44,0;67,0;c898e08c-0aef-4262-b165-962aefb3df4b
10;10;12;R4 - No sheep on my point;20;5;95,0;75,0;304f1e3f-641f-4697-b67e-e0fbb8055b7f
10;10;6;R4 - No sheep on my point;20;5;57,0;48,0;fc5cd225-8bba-4595-8eff-0154c8fa9beb
10;10;17;R4 - No sheep on my point;20;5;35,0;11,0;12a028e6-3dab-4183-b381-ecf1ce4f9efd
10;10;26;R4 - No sheep on my point;20;5;100,0;100,0;21d40065-8054-4983-a235-72f227c1650b
10;10;6;R4 - No sheep on my point;20;5;91,0;88,0;f868e6ec-e091-4535-9359-d183a04cf9fe
10;10;5;R4 - No sheep on my point;20;5;88,0;70,0;18140e69-47ba-4026-ade8-9db193e2dbee
10;10;1;R4 - No sheep on my point;20;5;6,0;67,0;b218db50-f2bc-4d1d-baee-f3e12291d4ba
10;10;6;R4 - No sheep on my point;20;5;3,0;85,0;50cecb56-5cea-4007-aaf0-60ef5a57e279
10;10;7;R4 - No sheep on my point;20;5;26,0;13,0;2e087ddb-9906-44f8-bc84-a7e3fbfcb484
10;10;22;R4 - No sheep on my point;20;5;67,0;76,0;39260658-5c44-44d7-b17a-ff97ff87d237
10;10;6;R4 - No sheep on my point;20;5;89,0;52,0;cc7e4442-e0e5-497a-ad6d-137522bb21d0
10;10;5;R4 - No sheep on my point;20;5;92,0;79,0;d87e87fb-4a54-41bf-b1ce-812984887a34
10;10;2;R4 - No sheep on my point;20;5;52,0;34,0;f38156b7-3fdf-4f94-883b-f834c1b52c65
10;10;30;R4 - No sheep on my point;20;5;11,0;8,0;e1c3f4bb-a0d9-4dae-9283-20848288e96a
10;10;15;R4 - No sheep on my point;20;5;38,0;27,0;13f81fab-ebcc-42c1-8c7e-1c54a41e8aab
10;10;9;R4 - No sheep on my point;20;5;25,0;12,0;942446d8-4015-4a80-a021-06893b35e18b
10;10;1;R4 - No sheep on my point;20;5;3,0;58,0;00fcf0e9-d2ea-4d36-8f2f-d225ebf08731
10;10;0;R4 - No sheep on my point;20;5;83,0;61,0;8f701c6b-ce88-4ce9-a13b-2ae72eb4e1f5
10;10;14;R4 - No sheep on my point;20;5;7,0;25,0;59095f82-b238-4af8-b291-088ef7e8a0c4
10;10;6;R4 - No sheep on my point;20;5;59,0;53,0;4ae06413-98aa-450c-9a88-f16beeb2124d
10;10;24;R4 - No sheep on my point;20;5;53,0;37,0;e0aa2453-0fe3-4608-ab03-cff5d42efba7
10;10;25;R4 - No sheep on my point;20;5;69,0;85,0;06a887b6-1a8e-4141-ae03-52764b7d9f36
10;10;24;R4 - No sheep on my point;20;5;15,0;80,0;f93fc849-6af8-40ef-9272-63ba935f885f
10;10;13;R4 - No sheep on my point;20;5;81,0;54,0;cccdeafd-ba04-4780-8650-04f5f970c49e
10;10;0;R4 - No sheep on my point;20;5;66,0;51,0;2248a2fc-3374-4f5b-9867-c341e225562f
10;10;6;R4 - No sheep on my point;20;5;48,0;34,0;cd387c58-dd7e-4a84-80a8-4f927ceaa1bf
10;10;7;R4 - No sheep on my point;20;5;22,0;86,0;c882d802-fe17-4c84-99f0-8afa7999a748
10;10;2;R4 - No sheep on my point;20;5;44,0;31,0;99450d78-f34e-4a12-9b3d-91693f3789c9
11;11;4;R4 - No sheep on my point;20;5;21,0;90,0;c6062503-66b7-4d03-b161-778e445327fd
11;11;15;R4 - No sheep on my point;20;5;64,0;85,0;50d4e92d-73e3-47b5-8ce4-1cc335fd2b4c
11;11;12;R4 - No sheep on my point;20;5;1,0;82,0;5c4435d5-a77b-483d-b43f-540562d2e3a8
11;11;6;R4 - No sheep on my point;20;5;7,0;80,0;74d33805-7ba2-4650-a330-ce5fc283b160
11;11;7;R4 - No sheep on my point;20;5;3,0;63,0;4d574864-e367-4604-b41d-c257bf7dc4e2
11;11;11;R4 - No sheep on my point;20;5;44,0;18,0;7ba1b5b9-bf42-481f-a210-d0af2438691e
11;11;1;R4 - No sheep on my point;20;5;6,0;48,0;e08212c7-619d-4b15-b034-096ddbf4ab71
11;11;6;R4 - No sheep on my point;20;5;3,0;28,0;d1c01b0d-014e-4675-a4c5-964b0ec8f494
11;11;11;R4 - No sheep on my point;20;5;97,0;43,0;dd87a77e-c137-4d04-9c32-9453a1ba2003
11;11;3;R4 - No sheep on my point;20;5;71,0;41,0;b9f63e5d-ecbe-4d6d-97c5-c61eec8870a6
11;11;10;R4 - No sheep on my point;20;5;80,0;45,0;ff87b679-2f4a-47ba-9715-19f4ad05910e
11;11;9;R4 - No sheep on my point;20;5;44,0;61,0;c37a3357-2fef-43d9-8b04-dad705cf23a6
11;11;5;R4 - No sheep on my point;20;5;19,0;38,0;89b79ee5-58b7-48a4-a914-63c76205d2ec
11;11;17;R4 - No sheep on my point;20;5;66,0;41,0;70f753ab-2590-4b48-89c5-e8cfad96c90a
11;11;7;R4 - No sheep on my point;20;5;87,0;0,0;432f88b3-abc7-4962-803b-2297594bda70
11;11;9;R4 - No sheep on my point;20;5;44,0;65,0;c898e08c-0aef-4262-b165-962aefb3df4b
11;11;4;R4 - No sheep on my point;20;5;21,0;90,0;a58c9554-3b78-4dd3-8d8a-85e438ad6995
11;11;11;R4 - No sheep on my point;20;5;95,0;77,0;304f1e3f-641f-4697-b67e-e0fbb8055b7f
11;11;5;R4 - No sheep on my point;20;5;58,0;50,0;fc5cd225-8bba-4595-8eff-0154c8fa9beb
11;11;8;R4 - No sheep on my point;20;5;36,0;9,0;12a028e6-3dab-4183-b381-ecf1ce4f9efd
11;11;25;R4 - No sheep on my point;20;5;100,0;100,0;21d40065-8054-4983-a235-72f227c1650b
11;11;5;R4 - No sheep on my point;20;5;93,0;87,0;f868e6ec-e091-4535-9359-d183a04cf9fe
11;11;4;R4 - No sheep on my point;20;5;89,0;68,0;18140e69-47ba-4026-ade8-9db193e2dbee
11;11;0;R4 - No sheep on my point;20;5;6,0;65,0;b218db50-f2bc-4d1d-baee-f3e12291d4ba
11;11;5;R4 - No sheep on my point;20;5;3,0;83,0;50cecb56-5cea-4007-aaf0-60ef5a57e279
11;11;6;R4 - No sheep on my point;20;5;26,0;11,0;2e087ddb-9906-44f8-bc84-a7e3fbfcb484
11;11;21;R4 - No sheep on my point;20;5;67,0;74,0;39260658-5c44-44d7-b17a-ff97ff87d237
11;11;5;R4 - No sheep on my point;20;5;89,0;50,0;cc7e4442-e0e5-497a-ad6d-137522bb21d0
11;11;4;R4 - No sheep on my point;20;5;93,0;81,0;d87e87fb-4a54-41bf-b1ce-812984887a34
11;11;1;R4 - No sheep on my point;20;5;52,0;32,0;f38156b7-3fdf-4f94-883b-f834c1b52c65
11;11;29;R4 - No sheep on my point;20;5;12,0;10,0;e1c3f4bb-a0d9-4dae-9283-20848288e96a
11;11;2;R4 - No sheep on my point;20;5;53,0;72,0;4c16f2c1-520c-411f-bf17-6c230d0f12e1
11;11;14;R4 - No sheep on my point;20;5;39,0;29,0;13f81fab-ebcc-42c1-8c7e-1c54a41e8aab
11;11;8;R4 - No sheep on my point;20;5;25,0;10,0;942446d8-4015-4a80-a021-06893b35e18b
11;11;0;R4 - No sheep on my point;20;5;3,0;56,0;00fcf0e9-d2ea-4d36-8f2f-d225ebf08731
11;11;6;R4 - No sheep on my point;20;5;7,0;23,0;59095f82-b238-4af8-b291-088ef7e8a0c4
11;11;5;R4 - No sheep on my point;20;5;60,0;55,0;4ae06413-98aa-450c-9a88-f16beeb2124d
11;11;23;R4 - No sheep on my point;20;5;54,0;35,0;e0aa2453-0fe3-4608-ab03-cff5d42efba7
11;11;24;R4 - No sheep on my point;20;5;69,0;87,0;06a887b6-1a8e-4141-ae03-52764b7d9f36
11;11;23;R4 - No sheep on my point;20;5;15,0;82,0;f93fc849-6af8-40ef-9272-63ba935f885f
11;11;12;R4 - No sheep on my point;20;5;81,0;56,0;cccdeafd-ba04-4780-8650-04f5f970c49e
11;11;5;R4 - No sheep on my point;20;5;48,0;36,0;cd387c58-dd7e-4a84-80a8-4f927ceaa1bf
11;11;6;R4 - No sheep on my point;20;5;22,0;84,0;c882d802-fe17-4c84-99f0-8afa7999a748
11;11;1;R4 - No sheep on my point;20;5;44,0;29,0;99450d78-f34e-4a12-9b3d-91693f3789c9
11;11;11;R4 - No sheep on my point;20;5;47,0;97,0;58e0b60f-d6a1-4d10-b1d1-1ae14069d80a
12;12;3;R4 - No sheep on my point;20;5;21,0;88,0;c6062503-66b7-4d03-b161-778e445327fd
12;12;14;R4 - No sheep on my point;20;5;64,0;83,0;50d4e92d-73e3-47b5-8ce4-1cc335fd2b4c
12;12;11;R4 - No sheep on my point;20;5;1,0;80,0;5c4435d5-a77b-483d-b43f-540562d2e3a8
12;12;2;R4 - No sheep on my point;20;5;7,0;78,0;74d33805-7ba2-4650-a330-ce5fc283b160
12;12;6;R4 - No sheep on my point;20;5;3,0;61,0;4d574864-e367-4604-b41d-c257bf7dc4e2
12;12;10;R4 - No sheep on my point;20;5;44,0;20,0;7ba1b5b9-bf42-481f-a210-d0af2438691e
12;12;0;R4 - No sheep on my point;20;5;6,0;46,0;e08212c7-619d-4b15-b034-096ddbf4ab71
12;12;5;R4 - No sheep on my point;20;5;3,0;26,0;d1c01b0d-014e-4675-a4c5-964b0ec8f494
12;12;10;R4 - No sheep on my point;20;5;97,0;45,0;dd87a77e-c137-4d04-9c32-9453a1ba2003
12;12;2;R4 - No sheep on my point;20;5;71,0;39,0;b9f63e5d-ecbe-4d6d-97c5-c61eec8870a6
12;12;9;R4 - No sheep on my point;20;5;80,0;47,0;ff87b679-2f4a-47ba-9715-19f4ad05910e
12;12;8;R4 - No sheep on my point;20;5;44,0;59,0;c37a3357-2fef-43d9-8b04-dad705cf23a6
12;12;4;R4 - No sheep on my point;20;5;19,0;40,0;89b79ee5-58b7-48a4-a914-63c76205d2ec
12;12;16;R4 - No sheep on my point;20;5;66,0;43,0;70f753ab-2590-4b48-89c5-e8cfad96c90a
12;12;6;R4 - No sheep on my point;20;5;100,0;100,0;432f88b3-abc7-4962-803b-2297594bda70
12;12;8;R4 - No sheep on my point;20;5;44,0;63,0;c898e08c-0aef-4262-b165-962aefb3df4b
12;12;3;R4 - No sheep on my point;20;5;21,0;88,0;a58c9554-3b78-4dd3-8d8a-85e438ad6995
12;12;10;R4 - No sheep on my point;20;5;95,0;79,0;304f1e3f-641f-4697-b67e-e0fbb8055b7f
12;12;4;R4 - No sheep on my point;20;5;59,0;52,0;fc5cd225-8bba-4595-8eff-0154c8fa9beb
12;12;7;R4 - No sheep on my point;20;5;37,0;11,0;12a028e6-3dab-4183-b381-ecf1ce4f9efd
12;12;24;R4 - No sheep on my point;20;5;100,0;100,0;21d40065-8054-4983-a235-72f227c1650b
12;12;4;R4 - No sheep on my point;20;5;95,0;87,0;f868e6ec-e091-4535-9359-d183a04cf9fe
12;12;3;R4 - No sheep on my point;20;5;90,0;66,0;18140e69-47ba-4026-ade8-9db193e2dbee
12;12;14;R4 - No sheep on my point;20;5;9,0;60,0;f5eddd95-e520-45ef-b945-9f45b9a18a2a
12;12;4;R4 - No sheep on my point;20;5;3,0;81,0;50cecb56-5cea-4007-aaf0-60ef5a57e279
12;12;5;R4 - No sheep on my point;20;5;26,0;9,0;2e087ddb-9906-44f8-bc84-a7e3fbfcb484
12;12;20;R4 - No sheep on my point;20;5;67,0;72,0;39260658-5c44-44d7-b17a-ff97ff87d237
12;12;4;R4 - No sheep on my point;20;5;89,0;48,0;cc7e4442-e0e5-497a-ad6d-137522bb21d0
12;12;3;R4 - No sheep on my point;20;5;94,0;83,0;d87e87fb-4a54-41bf-b1ce-812984887a34
12;12;0;R4 - No sheep on my point;20;5;52,0;30,0;f38156b7-3fdf-4f94-883b-f834c1b52c65
12;12;28;R4 - No sheep on my point;20;5;13,0;12,0;e1c3f4bb-a0d9-4dae-9283-20848288e96a
12;12;1;R4 - No sheep on my point;20;5;53,0;74,0;4c16f2c1-520c-411f-bf17-6c230d0f12e1
12;12;13;R4 - No sheep on my point;20;5;40,0;31,0;13f81fab-ebcc-42c1-8c7e-1c54a41e8aab
12;12;7;R4 - No sheep on my point;20;5;25,0;8,0;942446d8-4015-4a80-a021-06893b35e18b
12;12;5;R4 - No sheep on my point;20;5;7,0;21,0;59095f82-b238-4af8-b291-088ef7e8a0c4
12;12;4;R4 - No sheep on my point;20;5;60,0;57,0;4ae06413-98aa-450c-9a88-f16beeb2124d
12;12;22;R4 - No sheep on my point;20;5;55,0;37,0;e0aa2453-0fe3-4608-ab03-cff5d42efba7
12;12;23;R4 - No sheep on my point;20;5;69,0;89,0;06a887b6-1a8e-4141-ae03-52764b7d9f36
12;12;22;R4 - No sheep on my point;20;5;15,0;80,0;f93fc849-6af8-40ef-9272-63ba935f885f
12;12;11;R4 - No sheep on my point;20;5;81,0;58,0;cccdeafd-ba04-4780-8650-04f5f970c49e
12;12;4;R4 - No sheep on my point;20;5;48,0;38,0;cd387c58-dd7e-4a84-80a8-4f927ceaa1bf
12;12;5;R4 - No sheep on my point;20;5;22,0;86,0;c882d802-fe17-4c84-99f0-8afa7999a748
12;12;0;R4 - No sheep on my point;20;5;44,0;31,0;99450d78-f34e-4a12-9b3d-91693f3789c9
12;12;10;R4 - No sheep on my point;20;5;47,0;99,0;58e0b60f-d6a1-4d10-b1d1-1ae14069d80a
12;12;2;R4 - No sheep on my point;20;5;25,0;94,0;18220607-1087-42c4-a6d2-ed0ab7efff72
13;13;2;R4 - No sheep on my point;20;5;21,0;90,0;c6062503-66b7-4d03-b161-778e445327fd
13;13;13;R4 - No sheep on my point;20;5;64,0;81,0;50d4e92d-73e3-47b5-8ce4-1cc335fd2b4c
13;13;10;R4 - No sheep on my point;20;5;1,0;78,0;5c4435d5-a77b-483d-b43f-540562d2e3a8
13;13;1;R4 - No sheep on my point;20;5;7,0;76,0;74d33805-7ba2-4650-a330-ce5fc283b160
13;13;5;R4 - No sheep on my point;20;5;3,0;59,0;4d574864-e367-4604-b41d-c257bf7dc4e2
13;13;9;R4 - No sheep on my point;20;5;44,0;22,0;7ba1b5b9-bf42-481f-a210-d0af2438691e
13;13;4;R4 - No sheep on my point;20;5;4,0;24,0;d1c01b0d-014e-4675-a4c5-964b0ec8f494
13;13;9;R4 - No sheep on my point;20;5;97,0;47,0;dd87a77e-c137-4d04-9c32-9453a1ba2003
13;13;1;R4 - No sheep on my point;20;5;71,0;37,0;b9f63e5d-ecbe-4d6d-97c5-c61eec8870a6
13;13;8;R4 - No sheep on my point;20;5;80,0;49,0;ff87b679-2f4a-47ba-9715-19f4ad05910e
13;13;7;R4 - No sheep on my point;20;5;44,0;57,0;c37a3357-2fef-43d9-8b04-dad705cf23a6
13;13;3;R4 - No sheep on my point;20;5;19,0;42,0;89b79ee5-58b7-48a4-a914-63c76205d2ec
13;13;15;R4 - No sheep on my point;20;5;66,0;45,0;70f753ab-2590-4b48-89c5-e8cfad96c90a
13;13;5;R4 - No sheep on my point;20;5;100,0;100,0;432f88b3-abc7-4962-803b-2297594bda70
13;13;7;R4 - No sheep on my point;20;5;44,0;61,0;c898e08c-0aef-4262-b165-962aefb3df4b
13;13;2;R4 - No sheep on my point;20;5;21,0;90,0;a58c9554-3b78-4dd3-8d8a-85e438ad6995
13;13;9;R4 - No sheep on my point;20;5;96,0;81,0;304f1e3f-641f-4697-b67e-e0fbb8055b7f
13;13;1;R4 - No sheep on my point;20;5;60,0;54,0;fc5cd225-8bba-4595-8eff-0154c8fa9beb
13;13;6;R4 - No sheep on my point;20;5;37,0;13,0;12a028e6-3dab-4183-b381-ecf1ce4f9efd
13;13;23;R4 - No sheep on my point;20;5;100,0;100,0;21d40065-8054-4983-a235-72f227c1650b
13;13;3;R4 - No sheep on my point;20;5;97,0;87,0;f868e6ec-e091-4535-9359-d183a04cf9fe
13;13;2;R4 - No sheep on my point;20;5;91,0;64,0;18140e69-47ba-4026-ade8-9db193e2dbee
13;13;13;R4 - No sheep on my point;20;5;9,0;58,0;f5eddd95-e520-45ef-b945-9f45b9a18a2a
13;13;3;R4 - No sheep on my point;20;5;3,0;79,0;50cecb56-5cea-4007-aaf0-60ef5a57e279
13;13;4;R4 - No sheep on my point;20;5;26,0;7,0;2e087ddb-9906-44f8-bc84-a7e3fbfcb484
13;13;19;R4 - No sheep on my point;20;5;68,0;70,0;39260658-5c44-44d7-b17a-ff97ff87d237
13;13;3;R4 - No sheep on my point;20;5;89,0;46,0;cc7e4442-e0e5-497a-ad6d-137522bb21d0
13;13;2;R4 - No sheep on my point;20;5;95,0;85,0;d87e87fb-4a54-41bf-b1ce-812984887a34
13;13;27;R4 - No sheep on my point;20;5;14,0;14,0;e1c3f4bb-a0d9-4dae-9283-20848288e96a
13;13;0;R4 - No sheep on my point;20;5;53,0;76,0;4c16f2c1-520c-411f-bf17-6c230d0f12e1
13;13;-1;R4 - No sheep on my point;20;5;24,0;40,0;b5344152-c819-4b25-ae97-164bf41da477
13;13;12;R4 - No sheep on my point;20;5;41,0;33,0;13f81fab-ebcc-42c1-8c7e-1c54a41e8aab
13;13;6;R4 - No sheep on my point;20;5;25,0;6,0;942446d8-4015-4a80-a021-06893b35e18b
13;13;4;R4 - No sheep on my point;20;5;7,0;19,0;59095f82-b238-4af8-b291-088ef7e8a0c4
13;13;3;R4 - No sheep on my point;20;5;61,0;59,0;4ae06413-98aa-450c-9a88-f16beeb2124d
13;13;21;R4 - No sheep on my point;20;5;56,0;39,0;e0aa2453-0fe3-4608-ab03-cff5d42efba7
13;13;22;R4 - No sheep on my point;20;5;69,0;91,0;06a887b6-1a8e-4141-ae03-52764b7d9f36
13;13;21;R4 - No sheep on my point;20;5;15,0;78,0;f93fc849-6af8-40ef-9272-63ba935f885f
13;13;10;R4 - No sheep on my point;20;5;81,0;60,0;cccdeafd-ba04-4780-8650-04f5f970c49e
13;13;3;R4 - No sheep on my point;20;5;48,0;40,0;cd387c58-dd7e-4a84-80a8-4f927ceaa1bf
13;13;4;R4 - No sheep on my point;20;5;22,0;88,0;c882d802-fe17-4c84-99f0-8afa7999a748
13;13;9;R4 - No sheep on my point;20;5;47,0;0,0;58e0b60f-d6a1-4d10-b1d1-1ae14069d80a
13;13;1;R4 - No sheep on my point;20;5;25,0;96,0;18220607-1087-42c4-a6d2-ed0ab7efff72
14;14;1;R4 - No sheep on my point;20;5;21,0;92,0;c6062503-66b7-4d03-b161-778e445327fd
14;14;6;R4 - No sheep on my point;20;5;64,0;79,0;50d4e92d-73e3-47b5-8ce4-1cc335fd2b4c
14;14;9;R4 - No sheep on my point;20;5;1,0;76,0;5c4435d5-a77b-483d-b43f-540562d2e3a8
14;14;0;R4 - No sheep on my point;20;5;7,0;74,0;74d33805-7ba2-4650-a330-ce5fc283b160
14;14;4;R4 - No sheep on my point;20;5;3,0;57,0;4d574864-e367-4604-b41d-c257bf7dc4e2
14;14;8;R4 - No sheep on my point;20;5;44,0;24,0;7ba1b5b9-bf42-481f-a210-d0af2438691e
14;14;3;R4 - No sheep on my point;20;5;4,0;22,0;d1c01b0d-014e-4675-a4c5-964b0ec8f494
14;14;8;R4 - No sheep on my point;20;5;97,0;49,0;dd87a77e-c137-4d04-9c32-9453a1ba2003
14;14;0;R4 - No sheep on my point;20;5;71,0;35,0;b9f63e5d-ecbe-4d6d-97c5-c61eec8870a6
14;14;3;R4 - No sheep on my point;20;5;80,0;47,0;ff87b679-2f4a-47ba-9715-19f4ad05910e
14;14;6;R4 - No sheep on my point;20;5;44,0;55,0;c37a3357-2fef-43d9-8b04-dad705cf23a6
14;14;2;R4 - No sheep on my point;20;5;19,0;44,0;89b79ee5-58b7-48a4-a914-63c76205d2ec
14;14;7;R4 - No sheep on my point;20;5;66,0;47,0;70f753ab-2590-4b48-89c5-e8cfad96c90a
14;14;4;R4 - No sheep on my point;20;5;100,0;100,0;432f88b3-abc7-4962-803b-2297594bda70
14;14;6;R4 - No sheep on my point;20;5;44,0;59,0;c898e08c-0aef-4262-b165-962aefb3df4b
14;14;1;R4 - No sheep on my point;20;5;21,0;92,0;a58c9554-3b78-4dd3-8d8a-85e438ad6995
14;14;8;R4 - No sheep on my point;20;5;97,0;79,0;304f1e3f-641f-4697-b67e-e0fbb8055b7f
14;14;0;R4 - No sheep on my point;20;5;60,0;56,0;fc5cd225-8bba-4595-8eff-0154c8fa9beb
14;14;2;R4 - No sheep on my point;20;5;38,0;11,0;12a028e6-3dab-4183-b381-ecf1ce4f9efd
14;14;22;R4 - No sheep on my point;20;5;100,0;100,0;21d40065-8054-4983-a235-72f227c1650b
14;14;2;R4 - No sheep on my point;20;5;98,0;87,0;f868e6ec-e091-4535-9359-d183a04cf9fe
14;14;1;R4 - No sheep on my point;20;5;91,0;62,0;18140e69-47ba-4026-ade8-9db193e2dbee
14;14;12;R4 - No sheep on my point;20;5;9,0;56,0;f5eddd95-e520-45ef-b945-9f45b9a18a2a
14;14;2;R4 - No sheep on my point;20;5;3,0;77,0;50cecb56-5cea-4007-aaf0-60ef5a57e279
14;14;3;R4 - No sheep on my point;20;5;26,0;5,0;2e087ddb-9906-44f8-bc84-a7e3fbfcb484
14;14;18;R4 - No sheep on my point;20;5;70,0;70,0;39260658-5c44-44d7-b17a-ff97ff87d237
14;14;2;R4 - No sheep on my point;20;5;89,0;44,0;cc7e4442-e0e5-497a-ad6d-137522bb21d0
14;14;1;R4 - No sheep on my point;20;5;97,0;86,0;d87e87fb-4a54-41bf-b1ce-812984887a34
14;14;26;R4 - No sheep on my point;20;5;16,0;15,0;e1c3f4bb-a0d9-4dae-9283-20848288e96a
14;14;11;R4 - No sheep on my point;20;5;42,0;35,0;13f81fab-ebcc-42c1-8c7e-1c54a41e8aab
14;14;2;R4 - No sheep on my point;20;5;25,0;8,0;942446d8-4015-4a80-a021-06893b35e18b
14;14;3;R4 - No sheep on my point;20;5;7,0;17,0;59095f82-b238-4af8-b291-088ef7e8a0c4
14;14;22;R6 - Sheep killed!;20;5;61,0;59,0;4ae06413-98aa-450c-9a88-f16beeb2124d
14;14;20;R4 - No sheep on my point;20;5;56,0;41,0;e0aa2453-0fe3-4608-ab03-cff5d42efba7
14;14;-1;R4 - No sheep on my point;20;5;38,0;11,0;f9fb8e40-f93a-4ef1-9ea7-43590863615d
14;14;21;R4 - No sheep on my point;20;5;69,0;89,0;06a887b6-1a8e-4141-ae03-52764b7d9f36
14;14;20;R4 - No sheep on my point;20;5;15,0;76,0;f93fc849-6af8-40ef-9272-63ba935f885f
14;14;9;R4 - No sheep on my point;20;5;81,0;62,0;cccdeafd-ba04-4780-8650-04f5f970c49e
14;14;2;R4 - No sheep on my point;20;5;49,0;38,0;cd387c58-dd7e-4a84-80a8-4f927ceaa1bf
14;14;3;R4 - No sheep on my point;20;5;22,0;90,0;c882d802-fe17-4c84-99f0-8afa7999a748
14;14;8;R4 - No sheep on my point;20;5;0,0;0,0;58e0b60f-d6a1-4d10-b1d1-1ae14069d80a
14;14;0;R4 - No sheep on my point;20;5;25,0;94,0;18220607-1087-42c4-a6d2-ed0ab7efff72
15;15;0;R4 - No sheep on my point;20;5;21,0;94,0;c6062503-66b7-4d03-b161-778e445327fd
15;15;5;R4 - No sheep on my point;20;5;65,0;77,0;50d4e92d-73e3-47b5-8ce4-1cc335fd2b4c
15;15;8;R4 - No sheep on my point;20;5;1,0;74,0;5c4435d5-a77b-483d-b43f-540562d2e3a8
15;15;1;R4 - No sheep on my point;20;5;3,0;55,0;4d574864-e367-4604-b41d-c257bf7dc4e2
15;15;7;R4 - No sheep on my point;20;5;44,0;26,0;7ba1b5b9-bf42-481f-a210-d0af2438691e
15;15;2;R4 - No sheep on my point;20;5;5,0;20,0;d1c01b0d-014e-4675-a4c5-964b0ec8f494
15;15;7;R4 - No sheep on my point;20;5;97,0;47,0;dd87a77e-c137-4d04-9c32-9453a1ba2003
15;15;2;R4 - No sheep on my point;20;5;80,0;49,0;ff87b679-2f4a-47ba-9715-19f4ad05910e
15;15;5;R4 - No sheep on my point;20;5;45,0;53,0;c37a3357-2fef-43d9-8b04-dad705cf23a6
15;15;1;R4 - No sheep on my point;20;5;19,0;42,0;89b79ee5-58b7-48a4-a914-63c76205d2ec
15;15;6;R4 - No sheep on my point;20;5;66,0;49,0;70f753ab-2590-4b48-89c5-e8cfad96c90a
15;15;1;R4 - No sheep on my point;20;5;100,0;100,0;432f88b3-abc7-4962-803b-2297594bda70
15;15;5;R4 - No sheep on my point;20;5;44,0;57,0;c898e08c-0aef-4262-b165-962aefb3df4b
15;15;0;R4 - No sheep on my point;20;5;21,0;94,0;a58c9554-3b78-4dd3-8d8a-85e438ad6995
15;15;7;R4 - No sheep on my point;20;5;98,0;77,0;304f1e3f-641f-4697-b67e-e0fbb8055b7f
15;15;8;R4 - No sheep on my point;20;5;69,0;7,0;d02e6194-57e0-479c-af1e-b0b8b5a69b91
15;15;1;R4 - No sheep on my point;20;5;38,0;9,0;12a028e6-3dab-4183-b381-ecf1ce4f9efd
15;15;21;R4 - No sheep on my point;20;5;100,0;100,0;21d40065-8054-4983-a235-72f227c1650b
15;15;1;R4 - No sheep on my point;20;5;99,0;86,0;f868e6ec-e091-4535-9359-d183a04cf9fe
15;15;0;R4 - No sheep on my point;20;5;91,0;60,0;18140e69-47ba-4026-ade8-9db193e2dbee
15;15;11;R4 - No sheep on my point;20;5;9,0;58,0;f5eddd95-e520-45ef-b945-9f45b9a18a2a
15;15;1;R4 - No sheep on my point;20;5;3,0;75,0;50cecb56-5cea-4007-aaf0-60ef5a57e279
15;15;2;R4 - No sheep on my point;20;5;26,0;7,0;2e087ddb-9906-44f8-bc84-a7e3fbfcb484
15;15;17;R4 - No sheep on my point;20;5;70,0;71,0;39260658-5c44-44d7-b17a-ff97ff87d237
15;15;1;R4 - No sheep on my point;20;5;89,0;42,0;cc7e4442-e0e5-497a-ad6d-137522bb21d0
15;15;0;R4 - No sheep on my point;20;5;98,0;84,0;d87e87fb-4a54-41bf-b1ce-812984887a34
15;15;8;R4 - No sheep on my point;20;5;76,0;92,0;3f667d77-f4b2-406a-a9d1-f7b555a8a4ee
15;15;25;R4 - No sheep on my point;20;5;18,0;15,0;e1c3f4bb-a0d9-4dae-9283-20848288e96a
15;15;8;R4 - No sheep on my point;20;5;71,0;35,0;c41302cf-c651-4400-bc92-c4ad6e92191f
15;15;10;R4 - No sheep on my point;20;5;43,0;37,0;13f81fab-ebcc-42c1-8c7e-1c54a41e8aab
15;15;9;R4 - No sheep on my point;20;5;47,0;5,0;8b27fedd-b97f-4658-8eff-565b34bc6297
15;15;1;R4 - No sheep on my point;20;5;25,0;10,0;942446d8-4015-4a80-a021-06893b35e18b
15;15;2;R4 - No sheep on my point;20;5;7,0;15,0;59095f82-b238-4af8-b291-088ef7e8a0c4
15;15;21;R4 - No sheep on my point;20;5;61,0;61,0;4ae06413-98aa-450c-9a88-f16beeb2124d
15;15;19;R4 - No sheep on my point;20;5;57,0;39,0;e0aa2453-0fe3-4608-ab03-cff5d42efba7
15;15;20;R4 - No sheep on my point;20;5;69,0;87,0;06a887b6-1a8e-4141-ae03-52764b7d9f36
15;15;19;R4 - No sheep on my point;20;5;15,0;74,0;f93fc849-6af8-40ef-9272-63ba935f885f
15;15;8;R4 - No sheep on my point;20;5;82,0;64,0;cccdeafd-ba04-4780-8650-04f5f970c49e
15;15;1;R4 - No sheep on my point;20;5;99,0;7,0;9d545456-063e-48a4-97c3-88f22597c1b0
15;15;1;R4 - No sheep on my point;20;5;50,0;36,0;cd387c58-dd7e-4a84-80a8-4f927ceaa1bf
15;15;2;R4 - No sheep on my point;20;5;22,0;88,0;c882d802-fe17-4c84-99f0-8afa7999a748
15;15;7;R4 - No sheep on my point;20;5;2,0;1,0;58e0b60f-d6a1-4d10-b1d1-1ae14069d80a
16;16;4;R4 - No sheep on my point;20;5;65,0;79,0;50d4e92d-73e3-47b5-8ce4-1cc335fd2b4c
16;16;7;R4 - No sheep on my point;20;5;1,0;72,0;5c4435d5-a77b-483d-b43f-540562d2e3a8
16;16;12;R4 - No sheep on my point;20;5;18,0;8,0;ae587a58-223f-4218-96d6-72cafe079d40
16;16;0;R4 - No sheep on my point;20;5;3,0;53,0;4d574864-e367-4604-b41d-c257bf7dc4e2
16;16;12;R4 - No sheep on my point;20;5;10,0;64,0;35f6912c-d3f4-48b3-8d5f-cb1fba1b8ef8
16;16;6;R4 - No sheep on my point;20;5;44,0;28,0;7ba1b5b9-bf42-481f-a210-d0af2438691e
16;16;1;R4 - No sheep on my point;20;5;5,0;18,0;d1c01b0d-014e-4675-a4c5-964b0ec8f494
16;16;6;R4 - No sheep on my point;20;5;97,0;45,0;dd87a77e-c137-4d04-9c32-9453a1ba2003
16;16;1;R4 - No sheep on my point;20;5;80,0;47,0;ff87b679-2f4a-47ba-9715-19f4ad05910e
16;16;4;R4 - No sheep on my point;20;5;46,0;51,0;c37a3357-2fef-43d9-8b04-dad705cf23a6
16;16;0;R4 - No sheep on my point;20;5;19,0;40,0;89b79ee5-58b7-48a4-a914-63c76205d2ec
16;16;5;R4 - No sheep on my point;20;5;66,0;47,0;70f753ab-2590-4b48-89c5-e8cfad96c90a
16;16;0;R4 - No sheep on my point;20;5;100,0;100,0;432f88b3-abc7-4962-803b-2297594bda70
16;16;4;R4 - No sheep on my point;20;5;45,0;55,0;c898e08c-0aef-4262-b165-962aefb3df4b
16;16;6;R4 - No sheep on my point;20;5;99,0;75,0;304f1e3f-641f-4697-b67e-e0fbb8055b7f
16;16;7;R4 - No sheep on my point;20;5;69,0;9,0;d02e6194-57e0-479c-af1e-b0b8b5a69b91
16;16;0;R4 - No sheep on my point;20;5;39,0;7,0;12a028e6-3dab-4183-b381-ecf1ce4f9efd
16;16;20;R4 - No sheep on my point;20;5;100,0;100,0;21d40065-8054-4983-a235-72f227c1650b
16;16;0;R4 - No sheep on my point;20;5;100,0;84,0;f868e6ec-e091-4535-9359-d183a04cf9fe
16;16;10;R4 - No sheep on my point;20;5;9,0;60,0;f5eddd95-e520-45ef-b945-9f45b9a18a2a
16;16;0;R4 - No sheep on my point;20;5;3,0;73,0;50cecb56-5cea-4007-aaf0-60ef5a57e279
16;16;1;R4 - No sheep on my point;20;5;26,0;9,0;2e087ddb-9906-44f8-bc84-a7e3fbfcb484
16;16;16;R4 - No sheep on my point;20;5;71,0;71,0;39260658-5c44-44d7-b17a-ff97ff87d237
16;16;0;R4 - No sheep on my point;20;5;89,0;40,0;cc7e4442-e0e5-497a-ad6d-137522bb21d0
16;16;7;R4 - No sheep on my point;20;5;76,0;94,0;3f667d77-f4b2-406a-a9d1-f7b555a8a4ee
16;16;24;R4 - No sheep on my point;20;5;20,0;14,0;e1c3f4bb-a0d9-4dae-9283-20848288e96a
16;16;7;R4 - No sheep on my point;20;5;71,0;37,0;c41302cf-c651-4400-bc92-c4ad6e92191f
16;16;4;R4 - No sheep on my point;20;5;44,0;39,0;13f81fab-ebcc-42c1-8c7e-1c54a41e8aab
16;16;8;R4 - No sheep on my point;20;5;47,0;7,0;8b27fedd-b97f-4658-8eff-565b34bc6297
16;16;0;R4 - No sheep on my point;20;5;25,0;12,0;942446d8-4015-4a80-a021-06893b35e18b
16;16;1;R4 - No sheep on my point;20;5;7,0;13,0;59095f82-b238-4af8-b291-088ef7e8a0c4
16;16;20;R4 - No sheep on my point;20;5;62,0;63,0;4ae06413-98aa-450c-9a88-f16beeb2124d
16;16;18;R4 - No sheep on my point;20;5;58,0;37,0;e0aa2453-0fe3-4608-ab03-cff5d42efba7
16;16;19;R4 - No sheep on my point;20;5;69,0;85,0;06a887b6-1a8e-4141-ae03-52764b7d9f36
16;16;18;R4 - No sheep on my point;20;5;15,0;72,0;f93fc849-6af8-40ef-9272-63ba935f885f
16;16;7;R4 - No sheep on my point;20;5;82,0;62,0;cccdeafd-ba04-4780-8650-04f5f970c49e
16;16;0;R4 - No sheep on my point;20;5;99,0;5,0;9d545456-063e-48a4-97c3-88f22597c1b0
16;16;0;R4 - No sheep on my point;20;5;51,0;34,0;cd387c58-dd7e-4a84-80a8-4f927ceaa1bf
16;16;1;R4 - No sheep on my point;20;5;22,0;86,0;c882d802-fe17-4c84-99f0-8afa7999a748
16;16;6;R4 - No sheep on my point;20;5;4,0;2,0;58e0b60f-d6a1-4d10-b1d1-1ae14069d80a
17;17;3;R4 - No sheep on my point;20;5;65,0;77,0;50d4e92d-73e3-47b5-8ce4-1cc335fd2b4c
17;17;6;R4 - No sheep on my point;20;5;1,0;70,0;5c4435d5-a77b-483d-b43f-540562d2e3a8
17;17;11;R4 - No sheep on my point;20;5;19,0;10,0;ae587a58-223f-4218-96d6-72cafe079d40
17;17;11;R4 - No sheep on my point;20;5;10,0;66,0;35f6912c-d3f4-48b3-8d5f-cb1fba1b8ef8
17;17;5;R4 - No sheep on my point;20;5;45,0;30,0;7ba1b5b9-bf42-481f-a210-d0af2438691e
17;17;0;R4 - No sheep on my point;20;5;6,0;16,0;d1c01b0d-014e-4675-a4c5-964b0ec8f494
17;17;5;R4 - No sheep on my point;20;5;97,0;43,0;dd87a77e-c137-4d04-9c32-9453a1ba2003
17;17;0;R4 - No sheep on my point;20;5;80,0;45,0;ff87b679-2f4a-47ba-9715-19f4ad05910e
17;17;3;R4 - No sheep on my point;20;5;47,0;49,0;c37a3357-2fef-43d9-8b04-dad705cf23a6
17;17;4;R4 - No sheep on my point;20;5;66,0;45,0;70f753ab-2590-4b48-89c5-e8cfad96c90a
17;17;3;R4 - No sheep on my point;20;5;46,0;53,0;c898e08c-0aef-4262-b165-962aefb3df4b
17;17;5;R4 - No sheep on my point;20;5;100,0;73,0;304f1e3f-641f-4697-b67e-e0fbb8055b7f
17;17;6;R4 - No sheep on my point;20;5;69,0;11,0;d02e6194-57e0-479c-af1e-b0b8b5a69b91
17;17;19;R4 - No sheep on my point;20;5;100,0;100,0;21d40065-8054-4983-a235-72f227c1650b
17;17;9;R4 - No sheep on my point;20;5;9,0;62,0;f5eddd95-e520-45ef-b945-9f45b9a18a2a
17;17;0;R4 - No sheep on my point;20;5;26,0;11,0;2e087ddb-9906-44f8-bc84-a7e3fbfcb484
17;17;15;R4 - No sheep on my point;20;5;72,0;72,0;39260658-5c44-44d7-b17a-ff97ff87d237
17;17;6;R4 - No sheep on my point;20;5;76,0;96,0;3f667d77-f4b2-406a-a9d1-f7b555a8a4ee
17;17;23;R4 - No sheep on my point;20;5;22,0;15,0;e1c3f4bb-a0d9-4dae-9283-20848288e96a
17;17;6;R4 - No sheep on my point;20;5;71,0;39,0;c41302cf-c651-4400-bc92-c4ad6e92191f
17;17;3;R4 - No sheep on my point;20;5;45,0;41,0;13f81fab-ebcc-42c1-8c7e-1c54a41e8aab
17;17;7;R4 - No sheep on my point;20;5;47,0;9,0;8b27fedd-b97f-4658-8eff-565b34bc6297
17;17;0;R4 - No sheep on my point;20;5;7,0;11,0;59095f82-b238-4af8-b291-088ef7e8a0c4
17;17;19;R4 - No sheep on my point;20;5;63,0;65,0;4ae06413-98aa-450c-9a88-f16beeb2124d
17;17;17;R4 - No sheep on my point;20;5;59,0;35,0;e0aa2453-0fe3-4608-ab03-cff5d42efba7
17;17;18;R4 - No sheep on my point;20;5;69,0;83,0;06a887b6-1a8e-4141-ae03-52764b7d9f36
17;17;17;R4 - No sheep on my point;20;5;15,0;70,0;f93fc849-6af8-40ef-9272-63ba935f885f
17;17;6;R4 - No sheep on my point;20;5;82,0;60,0;cccdeafd-ba04-4780-8650-04f5f970c49e
17;17;9;R4 - No sheep on my point;20;5;95,0;43,0;f20f0902-47f1-470f-b740-09aa37a6bdb0
17;17;0;R4 - No sheep on my point;20;5;22,0;84,0;c882d802-fe17-4c84-99f0-8afa7999a748
17;17;5;R4 - No sheep on my point;20;5;6,0;3,0;58e0b60f-d6a1-4d10-b1d1-1ae14069d80a
18;18;2;R4 - No sheep on my point;20;5;65,0;75,0;50d4e92d-73e3-47b5-8ce4-1cc335fd2b4c
18;18;5;R4 - No sheep on my point;20;5;1,0;68,0;5c4435d5-a77b-483d-b43f-540562d2e3a8
18;18;10;R4 - No sheep on my point;20;5;20,0;12,0;ae587a58-223f-4218-96d6-72cafe079d40
18;18;10;R4 - No sheep on my point;20;5;10,0;68,0;35f6912c-d3f4-48b3-8d5f-cb1fba1b8ef8
18;18;4;R4 - No sheep on my point;20;5;46,0;32,0;7ba1b5b9-bf42-481f-a210-d0af2438691e
18;18;4;R4 - No sheep on my point;20;5;97,0;41,0;dd87a77e-c137-4d04-9c32-9453a1ba2003
18;18;2;R4 - No sheep on my point;20;5;48,0;48,0;c37a3357-2fef-43d9-8b04-dad705cf23a6
18;18;3;R4 - No sheep on my point;20;5;66,0;47,0;70f753ab-2590-4b48-89c5-e8cfad96c90a
18;18;2;R4 - No sheep on my point;20;5;47,0;51,0;c898e08c-0aef-4262-b165-962aefb3df4b
18;18;4;R4 - No sheep on my point;20;5;86,0;100,0;304f1e3f-641f-4697-b67e-e0fbb8055b7f
18;18;5;R4 - No sheep on my point;20;5;69,0;13,0;d02e6194-57e0-479c-af1e-b0b8b5a69b91
18;18;18;R4 - No sheep on my point;20;5;100,0;100,0;21d40065-8054-4983-a235-72f227c1650b
18;18;8;R4 - No sheep on my point;20;5;9,0;64,0;f5eddd95-e520-45ef-b945-9f45b9a18a2a
18;18;14;R4 - No sheep on my point;20;5;72,0;71,0;39260658-5c44-44d7-b17a-ff97ff87d237
18;18;5;R4 - No sheep on my point;20;5;76,0;94,0;3f667d77-f4b2-406a-a9d1-f7b555a8a4ee
18;18;22;R4 - No sheep on my point;20;5;24,0;16,0;e1c3f4bb-a0d9-4dae-9283-20848288e96a
18;18;5;R4 - No sheep on my point;20;5;71,0;41,0;c41302cf-c651-4400-bc92-c4ad6e92191f
18;18;2;R4 - No sheep on my point;20;5;46,0;42,0;13f81fab-ebcc-42c1-8c7e-1c54a41e8aab
18;18;6;R4 - No sheep on my point;20;5;47,0;11,0;8b27fedd-b97f-4658-8eff-565b34bc6297
18;18;18;R4 - No sheep on my point;20;5;64,0;67,0;4ae06413-98aa-450c-9a88-f16beeb2124d
18;18;16;R4 - No sheep on my point;20;5;60,0;33,0;e0aa2453-0fe3-4608-ab03-cff5d42efba7
18;18;17;R4 - No sheep on my point;20;5;70,0;81,0;06a887b6-1a8e-4141-ae03-52764b7d9f36
18;18;16;R4 - No sheep on my point;20;5;15,0;68,0;f93fc849-6af8-40ef-9272-63ba935f885f
18;18;5;R4 - No sheep on my point;20;5;82,0;62,0;cccdeafd-ba04-4780-8650-04f5f970c49e
18;18;8;R4 - No sheep on my point;20;5;95,0;41,0;f20f0902-47f1-470f-b740-09aa37a6bdb0
18;18;4;R4 - No sheep on my point;20;5;8,0;4,0;58e0b60f-d6a1-4d10-b1d1-1ae14069d80a
19;19;1;R4 - No sheep on my point;20;5;66,0;73,0;50d4e92d-73e3-47b5-8ce4-1cc335fd2b4c
19;19;4;R4 - No sheep on my point;20;5;1,0;66,0;5c4435d5-a77b-483d-b43f-540562d2e3a8
19;19;9;R4 - No sheep on my point;20;5;21,0;13,0;ae587a58-223f-4218-96d6-72cafe079d40
19;19;9;R4 - No sheep on my point;20;5;10,0;70,0;35f6912c-d3f4-48b3-8d5f-cb1fba1b8ef8
19;19;3;R4 - No sheep on my point;20;5;47,0;34,0;7ba1b5b9-bf42-481f-a210-d0af2438691e
19;19;3;R4 - No sheep on my point;20;5;97,0;39,0;dd87a77e-c137-4d04-9c32-9453a1ba2003
19;19;1;R4 - No sheep on my point;20;5;49,0;47,0;c37a3357-2fef-43d9-8b04-dad705cf23a6
19;19;2;R4 - No sheep on my point;20;5;66,0;49,0;70f753ab-2590-4b48-89c5-e8cfad96c90a
19;19;1;R4 - No sheep on my point;20;5;48,0;49,0;c898e08c-0aef-4262-b165-962aefb3df4b
19;19;3;R4 - No sheep on my point;20;5;86,0;98,0;304f1e3f-641f-4697-b67e-e0fbb8055b7f
19;19;4;R4 - No sheep on my point;20;5;69,0;11,0;d02e6194-57e0-479c-af1e-b0b8b5a69b91
19;19;17;R4 - No sheep on my point;20;5;100,0;100,0;21d40065-8054-4983-a235-72f227c1650b
19;19;7;R4 - No sheep on my point;20;5;9,0;62,0;f5eddd95-e520-45ef-b945-9f45b9a18a2a
19;19;13;R4 - No sheep on my point;20;5;73,0;71,0;39260658-5c44-44d7-b17a-ff97ff87d237
19;19;4;R4 - No sheep on my point;20;5;76,0;92,0;3f667d77-f4b2-406a-a9d1-f7b555a8a4ee
19;19;21;R4 - No sheep on my point;20;5;25,0;18,0;e1c3f4bb-a0d9-4dae-9283-20848288e96a
19;19;4;R4 - No sheep on my point;20;5;71,0;43,0;c41302cf-c651-4400-bc92-c4ad6e92191f
19;19;1;R4 - No sheep on my point;20;5;48,0;43,0;13f81fab-ebcc-42c1-8c7e-1c54a41e8aab
19;19;5;R4 - No sheep on my point;20;5;47,0;13,0;8b27fedd-b97f-4658-8eff-565b34bc6297
19;19;8;R4 - No sheep on my point;20;5;66,0;68,0;4ae06413-98aa-450c-9a88-f16beeb2124d
19;19;15;R4 - No sheep on my point;20;5;60,0;31,0;e0aa2453-0fe3-4608-ab03-cff5d42efba7
19;19;16;R4 - No sheep on my point;20;5;70,0;79,0;06a887b6-1a8e-4141-ae03-52764b7d9f36
19;19;15;R4 - No sheep on my point;20;5;15,0;66,0;f93fc849-6af8-40ef-9272-63ba935f885f
19;19;4;R4 - No sheep on my point;20;5;82,0;64,0;cccdeafd-ba04-4780-8650-04f5f970c49e
19;19;7;R4 - No sheep on my point;20;5;95,0;43,0;f20f0902-47f1-470f-b740-09aa37a6bdb0
19;19;3;R4 - No sheep on my point;20;5;9,0;4,0;58e0b60f-d6a1-4d10-b1d1-1ae14069d80a
20;20;0;R4 - No sheep on my point;20;5;66,0;71,0;50d4e92d-73e3-47b5-8ce4-1cc335fd2b4c
20;20;-1;R4 - No sheep on my point;20;5;55,0;52,0;55c2fe6f-6459-417f-8e95-2f422be2f0a6
20;20;3;R4 - No sheep on my point;20;5;1,0;64,0;5c4435d5-a77b-483d-b43f-540562d2e3a8
20;20;8;R4 - No sheep on my point;20;5;22,0;14,0;ae587a58-223f-4218-96d6-72cafe079d40
20;20;8;R4 - No sheep on my point;20;5;10,0;72,0;35f6912c-d3f4-48b3-8d5f-cb1fba1b8ef8
20;20;2;R4 - No sheep on my point;20;5;48,0;36,0;7ba1b5b9-bf42-481f-a210-d0af2438691e
20;20;2;R4 - No sheep on my point;20;5;97,0;41,0;dd87a77e-c137-4d04-9c32-9453a1ba2003
20;20;0;R4 - No sheep on my point;20;5;51,0;46,0;c37a3357-2fef-43d9-8b04-dad705cf23a6
20;20;1;R4 - No sheep on my point;20;5;66,0;51,0;70f753ab-2590-4b48-89c5-e8cfad96c90a
20;20;0;R4 - No sheep on my point;20;5;50,0;48,0;c898e08c-0aef-4262-b165-962aefb3df4b
20;20;2;R4 - No sheep on my point;20;5;86,0;100,0;304f1e3f-641f-4697-b67e-e0fbb8055b7f
20;20;3;R4 - No sheep on my point;20;5;69,0;9,0;d02e6194-57e0-479c-af1e-b0b8b5a69b91
20;20;16;R4 - No sheep on my point;20;5;100,0;98,0;21d40065-8054-4983-a235-72f227c1650b
20;20;6;R4 - No sheep on my point;20;5;9,0;60,0;f5eddd95-e520-45ef-b945-9f45b9a18a2a
20;20;12;R4 - No sheep on my point;20;5;74,0;71,0;39260658-5c44-44d7-b17a-ff97ff87d237
20;20;3;R4 - No sheep on my point;20;5;76,0;90,0;3f667d77-f4b2-406a-a9d1-f7b555a8a4ee
20;20;20;R4 - No sheep on my point;20;5;26,0;20,0;e1c3f4bb-a0d9-4dae-9283-20848288e96a
20;20;3;R4 - No sheep on my point;20;5;71,0;45,0;c41302cf-c651-4400-bc92-c4ad6e92191f
20;20;0;R4 - No sheep on my point;20;5;50,0;44,0;13f81fab-ebcc-42c1-8c7e-1c54a41e8aab
20;20;4;R4 - No sheep on my point;20;5;47,0;15,0;8b27fedd-b97f-4658-8eff-565b34bc6297
20;20;7;R4 - No sheep on my point;20;5;67,0;67,0;4ae06413-98aa-450c-9a88-f16beeb2124d
20;20;14;R4 - No sheep on my point;20;5;60,0;29,0;e0aa2453-0fe3-4608-ab03-cff5d42efba7
20;20;15;R4 - No sheep on my point;20;5;71,0;81,0;06a887b6-1a8e-4141-ae03-52764b7d9f36
20;20;14;R4 - No sheep on my point;20;5;15,0;64,0;f93fc849-6af8-40ef-9272-63ba935f885f
20;20;1;R4 - No sheep on my point;20;5;82,0;66,0;cccdeafd-ba04-4780-8650-04f5f970c49e
20;20;6;R4 - No sheep on my point;20;5;95,0;45,0;f20f0902-47f1-470f-b740-09aa37a6bdb0
20;20;22;R6 - Sheep killed!;20;5;9,0;4,0;58e0b60f-d6a1-4d10-b1d1-1ae14069d80a
21;21;2;R4 - No sheep on my point;20;5;1,0;62,0;5c4435d5-a77b-483d-b43f-540562d2e3a8
21;21;7;R4 - No sheep on my point;20;5;24,0;16,0;ae587a58-223f-4218-96d6-72cafe079d40
21;21;7;R4 - No sheep on my point;20;5;10,0;74,0;35f6912c-d3f4-48b3-8d5f-cb1fba1b8ef8
21;21;1;R4 - No sheep on my point;20;5;49,0;38,0;7ba1b5b9-bf42-481f-a210-d0af2438691e
21;21;1;R4 - No sheep on my point;20;5;97,0;43,0;dd87a77e-c137-4d04-9c32-9453a1ba2003
21;21;0;R4 - No sheep on my point;20;5;66,0;53,0;70f753ab-2590-4b48-89c5-e8cfad96c90a
21;21;1;R4 - No sheep on my point;20;5;86,0;100,0;304f1e3f-641f-4697-b67e-e0fbb8055b7f
21;21;2;R4 - No sheep on my point;20;5;69,0;7,0;d02e6194-57e0-479c-af1e-b0b8b5a69b91
21;21;15;R4 - No sheep on my point;20;5;100,0;96,0;21d40065-8054-4983-a235-72f227c1650b
21;21;5;R4 - No sheep on my point;20;5;9,0;58,0;f5eddd95-e520-45ef-b945-9f45b9a18a2a
21;21;11;R4 - No sheep on my point;20;5;75,0;71,0;39260658-5c44-44d7-b17a-ff97ff87d237
21;21;2;R4 - No sheep on my point;20;5;76,0;88,0;3f667d77-f4b2-406a-a9d1-f7b555a8a4ee
21;21;19;R4 - No sheep on my point;20;5;27,0;22,0;e1c3f4bb-a0d9-4dae-9283-20848288e96a
21;21;2;R4 - No sheep on my point;20;5;71,0;43,0;c41302cf-c651-4400-bc92-c4ad6e92191f
21;21;3;R4 - No sheep on my point;20;5;47,0;17,0;8b27fedd-b97f-4658-8eff-565b34bc6297
21;21;6;R4 - No sheep on my point;20;5;67,0;68,0;4ae06413-98aa-450c-9a88-f16beeb2124d
21;21;13;R4 - No sheep on my point;20;5;60,0;27,0;e0aa2453-0fe3-4608-ab03-cff5d42efba7
21;21;14;R4 - No sheep on my point;20;5;72,0;79,0;06a887b6-1a8e-4141-ae03-52764b7d9f36
21;21;13;R4 - No sheep on my point;20;5;15,0;66,0;f93fc849-6af8-40ef-9272-63ba935f885f
21;21;0;R4 - No sheep on my point;20;5;82,0;68,0;cccdeafd-ba04-4780-8650-04f5f970c49e
21;21;5;R4 - No sheep on my point;20;5;95,0;47,0;f20f0902-47f1-470f-b740-09aa37a6bdb0
21;21;-1;R4 - No sheep on my point;20;5;16,0;9,0;fd65a4e3-1567-46dd-9c61-dfff837091e7
21;21;21;R4 - No sheep on my point;20;5;9,0;6,0;58e0b60f-d6a1-4d10-b1d1-1ae14069d80a
22;22;1;R4 - No sheep on my point;20;5;1,0;60,0;5c4435d5-a77b-483d-b43f-540562d2e3a8
22;22;6;R4 - No sheep on my point;20;5;25,0;18,0;ae587a58-223f-4218-96d6-72cafe079d40
22;22;6;R4 - No sheep on my point;20;5;10,0;76,0;35f6912c-d3f4-48b3-8d5f-cb1fba1b8ef8
22;22;0;R4 - No sheep on my point;20;5;50,0;40,0;7ba1b5b9-bf42-481f-a210-d0af2438691e
22;22;0;R4 - No sheep on my point;20;5;97,0;45,0;dd87a77e-c137-4d04-9c32-9453a1ba2003
22;22;0;R4 - No sheep on my point;20;5;86,0;100,0;304f1e3f-641f-4697-b67e-e0fbb8055b7f
22;22;1;R4 - No sheep on my point;20;5;69,0;5,0;d02e6194-57e0-479c-af1e-b0b8b5a69b91
22;22;14;R4 - No sheep on my point;20;5;100,0;94,0;21d40065-8054-4983-a235-72f227c1650b
22;22;4;R4 - No sheep on my point;20;5;9,0;56,0;f5eddd95-e520-45ef-b945-9f45b9a18a2a
22;22;5;R4 - No sheep on my point;20;5;76,0;71,0;39260658-5c44-44d7-b17a-ff97ff87d237
22;22;1;R4 - No sheep on my point;20;5;77,0;86,0;3f667d77-f4b2-406a-a9d1-f7b555a8a4ee
22;22;18;R4 - No sheep on my point;20;5;28,0;24,0;e1c3f4bb-a0d9-4dae-9283-20848288e96a
22;22;1;R4 - No sheep on my point;20;5;71,0;41,0;c41302cf-c651-4400-bc92-c4ad6e92191f
22;22;2;R4 - No sheep on my point;20;5;47,0;15,0;8b27fedd-b97f-4658-8eff-565b34bc6297
22;22;2;R4 - No sheep on my point;20;5;68,0;67,0;4ae06413-98aa-450c-9a88-f16beeb2124d
22;22;12;R4 - No sheep on my point;20;5;60,0;25,0;e0aa2453-0fe3-4608-ab03-cff5d42efba7
22;22;13;R4 - No sheep on my point;20;5;73,0;77,0;06a887b6-1a8e-4141-ae03-52764b7d9f36
22;22;12;R4 - No sheep on my point;20;5;15,0;68,0;f93fc849-6af8-40ef-9272-63ba935f885f
22;22;4;R4 - No sheep on my point;20;5;95,0;49,0;f20f0902-47f1-470f-b740-09aa37a6bdb0
22;22;20;R4 - No sheep on my point;20;5;9,0;8,0;58e0b60f-d6a1-4d10-b1d1-1ae14069d80a
23;23;0;R4 - No sheep on my point;20;5;1,0;58,0;5c4435d5-a77b-483d-b43f-540562d2e3a8
23;23;5;R4 - No sheep on my point;20;5;26,0;20,0;ae587a58-223f-4218-96d6-72cafe079d40
23;23;8;R4 - No sheep on my point;20;5;30,0;69,0;6fd9f2a9-e59e-4134-840c-69ead19eb919
23;23;5;R4 - No sheep on my point;20;5;10,0;78,0;35f6912c-d3f4-48b3-8d5f-cb1fba1b8ef8
23;23;0;R4 - No sheep on my point;20;5;69,0;7,0;d02e6194-57e0-479c-af1e-b0b8b5a69b91
23;23;13;R4 - No sheep on my point;20;5;100,0;96,0;21d40065-8054-4983-a235-72f227c1650b
23;23;3;R4 - No sheep on my point;20;5;9,0;54,0;f5eddd95-e520-45ef-b945-9f45b9a18a2a
23;23;8;R4 - No sheep on my point;20;5;28,0;41,0;91632869-b0e9-4335-ae32-63b5cad8ad19
23;23;4;R4 - No sheep on my point;20;5;77,0;72,0;39260658-5c44-44d7-b17a-ff97ff87d237
23;23;0;R4 - No sheep on my point;20;5;78,0;84,0;3f667d77-f4b2-406a-a9d1-f7b555a8a4ee
23;23;17;R4 - No sheep on my point;20;5;29,0;26,0;e1c3f4bb-a0d9-4dae-9283-20848288e96a
23;23;0;R4 - No sheep on my point;20;5;71,0;39,0;c41302cf-c651-4400-bc92-c4ad6e92191f
23;23;1;R4 - No sheep on my point;20;5;47,0;13,0;8b27fedd-b97f-4658-8eff-565b34bc6297
23;23;1;R4 - No sheep on my point;20;5;69,0;67,0;4ae06413-98aa-450c-9a88-f16beeb2124d
23;23;11;R4 - No sheep on my point;20;5;60,0;27,0;e0aa2453-0fe3-4608-ab03-cff5d42efba7
23;23;12;R4 - No sheep on my point;20;5;74,0;75,0;06a887b6-1a8e-4141-ae03-52764b7d9f36
23;23;11;R4 - No sheep on my point;20;5;15,0;70,0;f93fc849-6af8-40ef-9272-63ba935f885f
23;23;3;R4 - No sheep on my point;20;5;95,0;51,0;f20f0902-47f1-470f-b740-09aa37a6bdb0
23;23;19;R4 - No sheep on my point;20;5;9,0;10,0;58e0b60f-d6a1-4d10-b1d1-1ae14069d80a
24;24;4;R4 - No sheep on my point;20;5;27,0;22,0;ae587a58-223f-4218-96d6-72cafe079d40
24;24;7;R4 - No sheep on my point;20;5;30,0;67,0;6fd9f2a9-e59e-4134-840c-69ead19eb919
24;24;4;R4 - No sheep on my point;20;5;10,0;76,0;35f6912c-d3f4-48b3-8d5f-cb1fba1b8ef8
24;24;12;R4 - No sheep on my point;20;5;100,0;94,0;21d40065-8054-4983-a235-72f227c1650b
24;24;2;R4 - No sheep on my point;20;5;9,0;56,0;f5eddd95-e520-45ef-b945-9f45b9a18a2a
24;24;7;R4 - No sheep on my point;20;5;29,0;39,0;91632869-b0e9-4335-ae32-63b5cad8ad19
24;24;1;R4 - No sheep on my point;20;5;77,0;73,0;39260658-5c44-44d7-b17a-ff97ff87d237
24;24;16;R4 - No sheep on my point;20;5;30,0;28,0;e1c3f4bb-a0d9-4dae-9283-20848288e96a
24;24;0;R4 - No sheep on my point;20;5;47,0;11,0;8b27fedd-b97f-4658-8eff-565b34bc6297
24;24;0;R4 - No sheep on my point;20;5;70,0;66,0;4ae06413-98aa-450c-9a88-f16beeb2124d
24;24;10;R4 - No sheep on my point;20;5;60,0;29,0;e0aa2453-0fe3-4608-ab03-cff5d42efba7
24;24;11;R4 - No sheep on my point;20;5;76,0;74,0;06a887b6-1a8e-4141-ae03-52764b7d9f36
24;24;10;R4 - No sheep on my point;20;5;15,0;68,0;f93fc849-6af8-40ef-9272-63ba935f885f
24;24;2;R4 - No sheep on my point;20;5;95,0;53,0;f20f0902-47f1-470f-b740-09aa37a6bdb0
24;24;18;R4 - No sheep on my point;20;5;11,0;10,0;58e0b60f-d6a1-4d10-b1d1-1ae14069d80a
25;25;3;R4 - No sheep on my point;20;5;28,0;24,0;ae587a58-223f-4218-96d6-72cafe079d40
25;25;6;R4 - No sheep on my point;20;5;30,0;65,0;6fd9f2a9-e59e-4134-840c-69ead19eb919
25;25;3;R4 - No sheep on my point;20;5;10,0;74,0;35f6912c-d3f4-48b3-8d5f-cb1fba1b8ef8
25;25;-1;R4 - No sheep on my point;20;5;65,0;91,0;95c14c0b-96d1-48ec-b904-a7f3a0400cb7
25;25;11;R4 - No sheep on my point;20;5;100,0;92,0;21d40065-8054-4983-a235-72f227c1650b
25;25;1;R4 - No sheep on my point;20;5;9,0;58,0;f5eddd95-e520-45ef-b945-9f45b9a18a2a
25;25;6;R4 - No sheep on my point;20;5;30,0;37,0;91632869-b0e9-4335-ae32-63b5cad8ad19
25;25;0;R4 - No sheep on my point;20;5;78,0;73,0;39260658-5c44-44d7-b17a-ff97ff87d237
25;25;7;R4 - No sheep on my point;20;5;31,0;29,0;e1c3f4bb-a0d9-4dae-9283-20848288e96a
25;25;9;R4 - No sheep on my point;20;5;60,0;31,0;e0aa2453-0fe3-4608-ab03-cff5d42efba7
25;25;10;R4 - No sheep on my point;20;5;77,0;73,0;06a887b6-1a8e-4141-ae03-52764b7d9f36
25;25;9;R4 - No sheep on my point;20;5;15,0;70,0;f93fc849-6af8-40ef-9272-63ba935f885f
25;25;1;R4 - No sheep on my point;20;5;95,0;55,0;f20f0902-47f1-470f-b740-09aa37a6bdb0
25;25;17;R4 - No sheep on my point;20;5;11,0;8,0;58e0b60f-d6a1-4d10-b1d1-1ae14069d80a
26;26;2;R4 - No sheep on my point;20;5;29,0;25,0;ae587a58-223f-4218-96d6-72cafe079d40
26;26;5;R4 - No sheep on my point;20;5;30,0;63,0;6fd9f2a9-e59e-4134-840c-69ead19eb919
26;26;2;R4 - No sheep on my point;20;5;10,0;76,0;35f6912c-d3f4-48b3-8d5f-cb1fba1b8ef8
26;26;-1;R4 - No sheep on my point;20;5;68,0;45,0;e53c4770-696a-4be5-8dcf-a909e1c3861f
26;26;10;R4 - No sheep on my point;20;5;100,0;91,0;21d40065-8054-4983-a235-72f227c1650b
26;26;0;R4 - No sheep on my point;20;5;9,0;60,0;f5eddd95-e520-45ef-b945-9f45b9a18a2a
26;26;5;R4 - No sheep on my point;20;5;31,0;35,0;91632869-b0e9-4335-ae32-63b5cad8ad19
26;26;6;R4 - No sheep on my point;20;5;33,0;30,0;e1c3f4bb-a0d9-4dae-9283-20848288e96a
26;26;4;R4 - No sheep on my point;20;5;60,0;33,0;e0aa2453-0fe3-4608-ab03-cff5d42efba7
26;26;9;R4 - No sheep on my point;20;5;78,0;73,0;06a887b6-1a8e-4141-ae03-52764b7d9f36
26;26;8;R4 - No sheep on my point;20;5;15,0;72,0;f93fc849-6af8-40ef-9272-63ba935f885f
26;26;0;R4 - No sheep on my point;20;5;95,0;57,0;f20f0902-47f1-470f-b740-09aa37a6bdb0
26;26;16;R4 - No sheep on my point;20;5;11,0;10,0;58e0b60f-d6a1-4d10-b1d1-1ae14069d80a
27;27;1;R4 - No sheep on my point;20;5;31,0;25,0;ae587a58-223f-4218-96d6-72cafe079d40
27;27;4;R4 - No sheep on my point;20;5;30,0;61,0;6fd9f2a9-e59e-4134-840c-69ead19eb919
27;27;1;R4 - No sheep on my point;20;5;10,0;78,0;35f6912c-d3f4-48b3-8d5f-cb1fba1b8ef8
27;27;-1;R4 - No sheep on my point;20;5;49,0;63,0;86534a9f-8e40-4f4a-bad8-40175e0f85a4
27;27;29;R6 - Sheep killed!;20;5;100,0;91,0;21d40065-8054-4983-a235-72f227c1650b
27;27;4;R4 - No sheep on my point;20;5;32,0;33,0;91632869-b0e9-4335-ae32-63b5cad8ad19
27;27;5;R4 - No sheep on my point;20;5;33,0;28,0;e1c3f4bb-a0d9-4dae-9283-20848288e96a
27;27;3;R4 - No sheep on my point;20;5;60,0;35,0;e0aa2453-0fe3-4608-ab03-cff5d42efba7
27;27;8;R4 - No sheep on my point;20;5;79,0;73,0;06a887b6-1a8e-4141-ae03-52764b7d9f36
27;27;7;R4 - No sheep on my point;20;5;15,0;74,0;f93fc849-6af8-40ef-9272-63ba935f885f
27;27;15;R4 - No sheep on my point;20;5;12,0;12,0;58e0b60f-d6a1-4d10-b1d1-1ae14069d80a
28;28;0;R4 - No sheep on my point;20;5;32,0;23,0;ae587a58-223f-4218-96d6-72cafe079d40
28;28;3;R4 - No sheep on my point;20;5;30,0;63,0;6fd9f2a9-e59e-4134-840c-69ead19eb919
28;28;0;R4 - No sheep on my point;20;5;10,0;76,0;35f6912c-d3f4-48b3-8d5f-cb1fba1b8ef8
28;28;28;R4 - No sheep on my point;20;5;100,0;93,0;21d40065-8054-4983-a235-72f227c1650b
28;28;3;R4 - No sheep on my point;20;5;33,0;32,0;91632869-b0e9-4335-ae32-63b5cad8ad19
28;28;4;R4 - No sheep on my point;20;5;34,0;30,0;e1c3f4bb-a0d9-4dae-9283-20848288e96a
28;28;2;R4 - No sheep on my point;20;5;60,0;37,0;e0aa2453-0fe3-4608-ab03-cff5d42efba7
28;28;7;R4 - No sheep on my point;20;5;79,0;74,0;06a887b6-1a8e-4141-ae03-52764b7d9f36
28;28;6;R4 - No sheep on my point;20;5;15,0;76,0;f93fc849-6af8-40ef-9272-63ba935f885f
28;28;14;R4 - No sheep on my point;20;5;13,0;14,0;58e0b60f-d6a1-4d10-b1d1-1ae14069d80a
29;29;2;R4 - No sheep on my point;20;5;30,0;65,0;6fd9f2a9-e59e-4134-840c-69ead19eb919
29;29;27;R4 - No sheep on my point;20;5;100,0;95,0;21d40065-8054-4983-a235-72f227c1650b
29;29;2;R4 - No sheep on my point;20;5;35,0;31,0;91632869-b0e9-4335-ae32-63b5cad8ad19
29;29;3;R4 - No sheep on my point;20;5;36,0;32,0;e1c3f4bb-a0d9-4dae-9283-20848288e96a
29;29;1;R4 - No sheep on my point;20;5;61,0;35,0;e0aa2453-0fe3-4608-ab03-cff5d42efba7
29;29;6;R4 - No sheep on my point;20;5;80,0;75,0;06a887b6-1a8e-4141-ae03-52764b7d9f36
29;29;5;R4 - No sheep on my point;20;5;15,0;78,0;f93fc849-6af8-40ef-9272-63ba935f885f
29;29;13;R4 - No sheep on my point;20;5;14,0;16,0;58e0b60f-d6a1-4d10-b1d1-1ae14069d80a
30;30;1;R4 - No sheep on my point;20;5;30,0;67,0;6fd9f2a9-e59e-4134-840c-69ead19eb919
30;30;26;R4 - No sheep on my point;20;5;100,0;97,0;21d40065-8054-4983-a235-72f227c1650b
30;30;1;R4 - No sheep on my point;20;5;35,0;29,0;91632869-b0e9-4335-ae32-63b5cad8ad19
30;30;2;R4 - No sheep on my point;20;5;37,0;30,0;e1c3f4bb-a0d9-4dae-9283-20848288e96a
30;30;0;R4 - No sheep on my point;20;5;61,0;37,0;e0aa2453-0fe3-4608-ab03-cff5d42efba7
30;30;5;R4 - No sheep on my point;20;5;82,0;77,0;06a887b6-1a8e-4141-ae03-52764b7d9f36
30;30;4;R4 - No sheep on my point;20;5;15,0;80,0;f93fc849-6af8-40ef-9272-63ba935f885f
30;30;12;R4 - No sheep on my point;20;5;15,0;18,0;58e0b60f-d6a1-4d10-b1d1-1ae14069d80a
31;31;0;R4 - No sheep on my point;20;5;30,0;69,0;6fd9f2a9-e59e-4134-840c-69ead19eb919
31;31;25;R4 - No sheep on my point;20;5;100,0;99,0;21d40065-8054-4983-a235-72f227c1650b
31;31;0;R4 - No sheep on my point;20;5;35,0;31,0;91632869-b0e9-4335-ae32-63b5cad8ad19
31;31;1;R4 - No sheep on my point;20;5;37,0;28,0;e1c3f4bb-a0d9-4dae-9283-20848288e96a
31;31;4;R4 - No sheep on my point;20;5;82,0;75,0;06a887b6-1a8e-4141-ae03-52764b7d9f36
31;31;3;R4 - No sheep on my point;20;5;15,0;78,0;f93fc849-6af8-40ef-9272-63ba935f885f
31;31;11;R4 - No sheep on my point;20;5;16,0;19,0;58e0b60f-d6a1-4d10-b1d1-1ae14069d80a
32;32;24;R4 - No sheep on my point;20;5;100,0;100,0;21d40065-8054-4983-a235-72f227c1650b
32;32;0;R4 - No sheep on my point;20;5;37,0;30,0;e1c3f4bb-a0d9-4dae-9283-20848288e96a
32;32;3;R4 - No sheep on my point;20;5;82,0;73,0;06a887b6-1a8e-4141-ae03-52764b7d9f36
32;32;2;R4 - No sheep on my point;20;5;15,0;76,0;f93fc849-6af8-40ef-9272-63ba935f885f
32;32;30;R6 - Sheep killed!;20;5;16,0;19,0;58e0b60f-d6a1-4d10-b1d1-1ae14069d80a
33;33;43;R6 - Sheep killed!;20;5;100,0;100,0;21d40065-8054-4983-a235-72f227c1650b
33;33;2;R4 - No sheep on my point;20;5;83,0;75,0;06a887b6-1a8e-4141-ae03-52764b7d9f36
33;33;1;R4 - No sheep on my point;20;5;15,0;78,0;f93fc849-6af8-40ef-9272-63ba935f885f
33;33;29;R4 - No sheep on my point;20;5;17,0;21,0;58e0b60f-d6a1-4d10-b1d1-1ae14069d80a
34;34;42;R4 - No sheep on my point;20;5;100,0;98,0;21d40065-8054-4983-a235-72f227c1650b
34;34;1;R4 - No sheep on my point;20;5;83,0;73,0;06a887b6-1a8e-4141-ae03-52764b7d9f36
34;34;0;R4 - No sheep on my point;20;5;15,0;80,0;f93fc849-6af8-40ef-9272-63ba935f885f
34;34;28;R4 - No sheep on my point;20;5;18,0;23,0;58e0b60f-d6a1-4d10-b1d1-1ae14069d80a
35;35;41;R4 - No sheep on my point;20;5;100,0;96,0;21d40065-8054-4983-a235-72f227c1650b
35;35;0;R4 - No sheep on my point;20;5;83,0;75,0;06a887b6-1a8e-4141-ae03-52764b7d9f36
35;35;27;R4 - No sheep on my point;20;5;19,0;21,0;58e0b60f-d6a1-4d10-b1d1-1ae14069d80a
36;36;40;R4 - No sheep on my point;20;5;100,0;98,0;21d40065-8054-4983-a235-72f227c1650b
36;36;26;R4 - No sheep on my point;20;5;20,0;20,0;58e0b60f-d6a1-4d10-b1d1-1ae14069d80a
37;37;39;R4 - No sheep on my point;20;5;100,0;100,0;21d40065-8054-4983-a235-72f227c1650b
37;37;25;R4 - No sheep on my point;20;5;21,0;19,0;58e0b60f-d6a1-4d10-b1d1-1ae14069d80a
38;38;58;R6 - Sheep killed!;20;5;100,0;100,0;21d40065-8054-4983-a235-72f227c1650b
38;38;24;R4 - No sheep on my point;20;5;22,0;18,0;58e0b60f-d6a1-4d10-b1d1-1ae14069d80a
39;39;28;R4 - No sheep on my point;20;5;100,0;98,0;21d40065-8054-4983-a235-72f227c1650b
39;39;23;R4 - No sheep on my point;20;5;24,0;16,0;58e0b60f-d6a1-4d10-b1d1-1ae14069d80a
40;40;27;R4 - No sheep on my point;20;5;100,0;100,0;21d40065-8054-4983-a235-72f227c1650b
40;40;-1;R4 - No sheep on my point;20;5;31,0;93,0;5730b286-55ec-423d-b4dd-f0cc2c3f4e30
40;40;22;R4 - No sheep on my point;20;5;25,0;18,0;58e0b60f-d6a1-4d10-b1d1-1ae14069d80a
41;41;46;R6 - Sheep killed!;20;5;100,0;100,0;21d40065-8054-4983-a235-72f227c1650b
41;41;21;R4 - No sheep on my point;20;5;26,0;16,0;58e0b60f-d6a1-4d10-b1d1-1ae14069d80a
42;42;45;R4 - No sheep on my point;20;5;100,0;100,0;21d40065-8054-4983-a235-72f227c1650b
42;42;20;R4 - No sheep on my point;20;5;27,0;14,0;58e0b60f-d6a1-4d10-b1d1-1ae14069d80a
43;43;44;R4 - No sheep on my point;20;5;100,0;98,0;21d40065-8054-4983-a235-72f227c1650b
43;43;19;R4 - No sheep on my point;20;5;27,0;16,0;58e0b60f-d6a1-4d10-b1d1-1ae14069d80a
44;44;43;R4 - No sheep on my point;20;5;100,0;99,0;21d40065-8054-4983-a235-72f227c1650b
44;44;18;R4 - No sheep on my point;20;5;28,0;18,0;58e0b60f-d6a1-4d10-b1d1-1ae14069d80a
45;45;62;R6 - Sheep killed!;20;5;100,0;99,0;21d40065-8054-4983-a235-72f227c1650b
45;45;17;R4 - No sheep on my point;20;5;29,0;20,0;58e0b60f-d6a1-4d10-b1d1-1ae14069d80a
46;46;61;R4 - No sheep on my point;20;5;100,0;97,0;21d40065-8054-4983-a235-72f227c1650b
46;46;16;R4 - No sheep on my point;20;5;30,0;22,0;58e0b60f-d6a1-4d10-b1d1-1ae14069d80a
47;47;80;R6 - Sheep killed!;20;5;100,0;97,0;21d40065-8054-4983-a235-72f227c1650b
47;47;15;R4 - No sheep on my point;20;5;31,0;24,0;58e0b60f-d6a1-4d10-b1d1-1ae14069d80a
48;48;79;R4 - No sheep on my point;20;5;100,0;96,0;21d40065-8054-4983-a235-72f227c1650b
48;48;14;R4 - No sheep on my point;20;5;32,0;26,0;58e0b60f-d6a1-4d10-b1d1-1ae14069d80a
49;49;98;R6 - Sheep killed!;20;5;100,0;96,0;21d40065-8054-4983-a235-72f227c1650b
49;49;13;R4 - No sheep on my point;20;5;33,0;28,0;58e0b60f-d6a1-4d10-b1d1-1ae14069d80a
50;50;97;R4 - No sheep on my point;20;5;100,0;96,0;21d40065-8054-4983-a235-72f227c1650b
50;50;12;R4 - No sheep on my point;20;5;34,0;26,0;58e0b60f-d6a1-4d10-b1d1-1ae14069d80a
51;51;96;R4 - No sheep on my point;20;5;100,0;95,0;21d40065-8054-4983-a235-72f227c1650b
51;51;11;R4 - No sheep on my point;20;5;35,0;24,0;58e0b60f-d6a1-4d10-b1d1-1ae14069d80a
52;52;95;R4 - No sheep on my point;20;5;100,0;97,0;21d40065-8054-4983-a235-72f227c1650b
52;52;10;R4 - No sheep on my point;20;5;36,0;22,0;58e0b60f-d6a1-4d10-b1d1-1ae14069d80a
53;53;94;R4 - No sheep on my point;20;5;100,0;99,0;21d40065-8054-4983-a235-72f227c1650b
53;53;9;R4 - No sheep on my point;20;5;36,0;24,0;58e0b60f-d6a1-4d10-b1d1-1ae14069d80a
54;54;93;R4 - No sheep on my point;20;5;100,0;100,0;21d40065-8054-4983-a235-72f227c1650b
54;54;8;R4 - No sheep on my point;20;5;37,0;22,0;58e0b60f-d6a1-4d10-b1d1-1ae14069d80a
55;55;112;R6 - Sheep killed!;20;5;100,0;100,0;21d40065-8054-4983-a235-72f227c1650b
55;55;7;R4 - No sheep on my point;20;5;37,0;24,0;58e0b60f-d6a1-4d10-b1d1-1ae14069d80a
56;56;111;R4 - No sheep on my point;20;5;100,0;100,0;21d40065-8054-4983-a235-72f227c1650b
56;56;6;R4 - No sheep on my point;20;5;38,0;22,0;58e0b60f-d6a1-4d10-b1d1-1ae14069d80a
57;57;130;R6 - Sheep killed!;20;5;100,0;100,0;21d40065-8054-4983-a235-72f227c1650b
57;57;5;R4 - No sheep on my point;20;5;38,0;20,0;58e0b60f-d6a1-4d10-b1d1-1ae14069d80a
58;58;129;R4 - No sheep on my point;20;5;100,0;98,0;21d40065-8054-4983-a235-72f227c1650b
58;58;4;R4 - No sheep on my point;20;5;38,0;22,0;58e0b60f-d6a1-4d10-b1d1-1ae14069d80a
59;59;128;R4 - No sheep on my point;20;5;100,0;100,0;21d40065-8054-4983-a235-72f227c1650b
59;59;3;R4 - No sheep on my point;20;5;38,0;24,0;58e0b60f-d6a1-4d10-b1d1-1ae14069d80a
60;60;147;R6 - Sheep killed!;20;5;100,0;100,0;21d40065-8054-4983-a235-72f227c1650b
60;60;2;R4 - No sheep on my point;20;5;38,0;26,0;58e0b60f-d6a1-4d10-b1d1-1ae14069d80a
61;61;166;R6 - Sheep killed!;20;5;100,0;100,0;21d40065-8054-4983-a235-72f227c1650b
61;61;1;R4 - No sheep on my point;20;5;38,0;28,0;58e0b60f-d6a1-4d10-b1d1-1ae14069d80a
62;62;185;R6 - Sheep killed!;20;5;100,0;100,0;21d40065-8054-4983-a235-72f227c1650b
62;62;0;R4 - No sheep on my point;20;5;38,0;26,0;58e0b60f-d6a1-4d10-b1d1-1ae14069d80a
63;63;184;R4 - No sheep on my point;20;5;98,0;100,0;21d40065-8054-4983-a235-72f227c1650b
64;64;183;R4 - No sheep on my point;20;5;99,0;98,0;21d40065-8054-4983-a235-72f227c1650b
65;65;182;R4 - No sheep on my point;20;5;100,0;100,0;21d40065-8054-4983-a235-72f227c1650b
66;66;201;R6 - Sheep killed!;20;5;100,0;100,0;21d40065-8054-4983-a235-72f227c1650b
67;67;220;R6 - Sheep killed!;20;5;100,0;100,0;21d40065-8054-4983-a235-72f227c1650b
68;68;239;R6 - Sheep killed!;20;5;100,0;100,0;21d40065-8054-4983-a235-72f227c1650b
69;69;258;R6 - Sheep killed!;20;5;100,0;100,0;21d40065-8054-4983-a235-72f227c1650b
70;70;277;R6 - Sheep killed!;20;5;100,0;100,0;21d40065-8054-4983-a235-72f227c1650b
71;71;296;R6 - Sheep killed!;20;5;100,0;100,0;21d40065-8054-4983-a235-72f227c1650b
72;72;315;R6 - Sheep killed!;20;5;100,0;100,0;21d40065-8054-4983-a235-72f227c1650b
73;73;334;R6 - Sheep killed!;20;5;100,0;100,0;21d40065-8054-4983-a235-72f227c1650b
74;74;353;R6 - Sheep killed!;20;5;100,0;100,0;21d40065-8054-4983-a235-72f227c1650b
75;75;372;R6 - Sheep killed!;20;5;100,0;100,0;21d40065-8054-4983-a235-72f227c1650b
76;76;391;R6 - Sheep killed!;20;5;100,0;100,0;21d40065-8054-4983-a235-72f227c1650b
77;77;410;R6 - Sheep killed!;20;5;100,0;100,0;21d40065-8054-4983-a235-72f227c1650b
78;78;429;R6 - Sheep killed!;20;5;100,0;100,0;21d40065-8054-4983-a235-72f227c1650b
79;79;234;R6 - Sheep killed!;20;5;100,0;100,0;21d40065-8054-4983-a235-72f227c1650b
80;80;253;R6 - Sheep killed!;20;5;100,0;100,0;21d40065-8054-4983-a235-72f227c1650b
80;80;-1;R4 - No sheep on my point;20;5;71,0;6,0;768ce396-162b-4765-bf40-f3105683c287
81;81;272;R6 - Sheep killed!;20;5;100,0;100,0;21d40065-8054-4983-a235-72f227c1650b
82;82;291;R6 - Sheep killed!;20;5;100,0;100,0;21d40065-8054-4983-a235-72f227c1650b
83;83;310;R6 - Sheep killed!;20;5;100,0;100,0;21d40065-8054-4983-a235-72f227c1650b
84;84;329;R6 - Sheep killed!;20;5;100,0;100,0;21d40065-8054-4983-a235-72f227c1650b
85;85;348;R6 - Sheep killed!;20;5;100,0;100,0;21d40065-8054-4983-a235-72f227c1650b
86;86;367;R6 - Sheep killed!;20;5;100,0;100,0;21d40065-8054-4983-a235-72f227c1650b
87;87;386;R6 - Sheep killed!;20;5;100,0;100,0;21d40065-8054-4983-a235-72f227c1650b
88;88;385;R4 - No sheep on my point;20;5;100,0;99,0;21d40065-8054-4983-a235-72f227c1650b
89;89;384;R4 - No sheep on my point;20;5;100,0;100,0;21d40065-8054-4983-a235-72f227c1650b
90;90;403;R6 - Sheep killed!;20;5;100,0;100,0;21d40065-8054-4983-a235-72f227c1650b
91;91;221;R6 - Sheep killed!;20;5;100,0;100,0;21d40065-8054-4983-a235-72f227c1650b
92;92;240;R6 - Sheep killed!;20;5;100,0;100,0;21d40065-8054-4983-a235-72f227c1650b
92;92;-1;R4 - No sheep on my point;20;5;99,0;46,0;4d6c5dba-2de1-412c-b828-60a2d028a13a
93;93;259;R6 - Sheep killed!;20;5;100,0;100,0;21d40065-8054-4983-a235-72f227c1650b
94;94;278;R6 - Sheep killed!;20;5;100,0;100,0;21d40065-8054-4983-a235-72f227c1650b
95;95;297;R6 - Sheep killed!;20;5;100,0;100,0;21d40065-8054-4983-a235-72f227c1650b
96;96;316;R6 - Sheep killed!;20;5;100,0;100,0;21d40065-8054-4983-a235-72f227c1650b
97;97;335;R6 - Sheep killed!;20;5;100,0;100,0;21d40065-8054-4983-a235-72f227c1650b
98;98;354;R6 - Sheep killed!;20;5;100,0;100,0;21d40065-8054-4983-a235-72f227c1650b
99;99;373;R6 - Sheep killed!;20;5;100,0;100,0;21d40065-8054-4983-a235-72f227c1650b
100;100;392;R6 - Sheep killed!;20;5;100,0;100,0;21d40065-8054-4983-a235-72f227c1650b
